date,dailyVolumeToken0,dailyVolumeToken1,dailyVolumeUSD,reserveUSD
1649980800,906285.129707167491696456,298.754433904846053246,904388.8498457684871887224023841835,24559218.97300525191577066605744498
1649894400,1192243.613070277820635296,389.652265203405800801,1190700.601092826679042812610734511,24563819.69278535660828328770513945
1649808000,967527.741263741128096023,315.915501062121486885,967510.6217670615338932279179422883,24961024.61733901860556276515364379
1649721600,1570071.318422079160271785,520.483936213033032713,1568696.824600523307601796357695662,25024082.59299641344047582807501433
1649635200,2127517.500771649980709135,698.203780328063471618,2130322.042077797844970436354302371,24875143.7034003277524724195375299
1649548800,944814.469873482170424833,290.267809496760635439,944464.1767654075625339136963829424,25770462.70842180929780260920275174
1649462400,679897.699355212928240314,211.338636558216729208,679814.396144069427840814949161317,27085513.33004138151385103916323117
1649376000,1607992.780028201531528404,493.337226520745313682,1607069.892562024511348499198257106,26722760.69415665219444575825038981
1649289600,1537596.737351519177246729,478.405975782378176504,1537181.441146705542763398501170375,26958506.74583669331201896488562763
1649203200,6222940.63407187846953704,1776.165932342559388584,5904856.9523626495380646959771101,26677593.91764274200382918379841555
1649116800,3239343.618615623223403351,964.474774111731630621,3330605.571070795607027800731366821,27659230.63243195502414725493670824
1649030400,12075762.988823746719266516,3173.283265262990837184,11129744.57975741416274519354199861,28029663.90015767319884770234490261
1648944000,2348059.829508950888735685,673.816624483697231305,2349522.429857522372139677477588123,27957996.32446596212759996892799351
1648857600,2328584.123212158942137777,669.40474265577555399,2327606.655247222142230245419312787,27629237.31031574907011899227358807
1648771200,1791729.44638526141719235,531.742559138051084439,1790544.40590690646478907307370111,27650068.63701689416323457972194217
1648684800,1912509.002676780249698885,574.22783843995017535,1915302.974985620008810183063293924,26964295.72030952519981131937616962
1648598400,2587787.422292913030635015,768.433605214245063879,2609355.024153679725926645334030858,27544313.53777003309392528005867844
1648512000,2027555.036248569955476595,594.369838446564905657,2027472.645201092968388482985409286,27599159.52864361495908927865932095
1648425600,2268464.701603056384365095,675.515245498316484419,2270005.587604414503958445602651967,27546140.87983265251568659129936109
1648339200,1077863.099489361361435892,336.524786195597495564,1076931.533423791561658646477466631,27356566.97361580537719897567567634
1648252800,638049.425338108477645671,204.2179453223221553,637994.7121383175973733063500111754,26984907.65876619673641903398373284
1648166400,8187812.829356860925998406,2276.244690233484305185,7289666.712390519803482562845559437,27095094.80919007644485003611969624
1648080000,2119003.501372914718511618,730.333126638749774602,2190566.522431389838077809485441758,26828559.10346219148072305641488259
1647993600,2604271.182305024439367034,902.333069959847963902,2665380.823125334614036337871054472,26462575.11247360586711841190222687
1647907200,1804310.898970009167280727,602.173808688711216599,1802828.896639776809179434297651976,26130327.99856654565999818515996572
1647820800,1443252.543883712398619483,497.258355980972763106,1442326.799316242302826981719193025,25788086.82861989708037541862955699
1647734400,1609670.096207030654035477,557.743487128988077166,1608269.509623917264854892109396681,25619471.76316167413758860972403157
1647648000,1495778.272457338668914285,504.78782441950028468,1491185.286928306768390600563978583,25957974.74289907381135344047422846
1647561600,3017670.919976636348593935,1039.012808621510620679,2996456.869729392757314795814730894,25841832.41592260482696344662611425
1647475200,1253241.852659964650474688,446.497934549454405179,1251844.976105874281820287678872455,25879738.96666921500129555205755452
1647388800,2480474.567646515243619324,921.905177047180341739,2479122.296804827919433818333182835,25658914.70136449525326858113951328
1647302400,1814197.437252193895387848,702.295337126205880609,1813648.646333078418737622967454735,24948939.34882964566172005162022285
1647216000,1370891.791119767375133989,534.48733980910870799,1369278.658423161645150786728872496,24971353.12048935420644818500477216
1647129600,1103349.360679550418702249,431.194845948666234398,1104043.754884018182797933766736022,24597686.82740395583291196808972976
1647043200,691877.561081779039166978,266.938195985912044417,690742.0648513646298033819716681468,24867017.5211727299144418525804073
1646956800,1668769.348385568765042912,644.131453750245602282,1668435.824689747283839681847565843,24889909.27377428836942673316632731
1646870400,1563002.432024517955678708,597.48864953573048051,1563082.403022459700713053881372866,25123725.05440989161998498605601519
1646784000,3420888.853464388184301742,1310.11532002526635214,3452617.631860051136817297480572993,25665936.13528468477632398705184581
1646697600,2558977.816521576340974971,998.974429881948974933,2558318.964502394752895733512005803,24954994.92512041155896540034250269
1646611200,2591504.855998927476906398,1021.992808585542832748,2592724.217502712983327794363038211,24796703.3363704183514373699385568
1646524800,1547459.175965246323297825,599.80201912210581582,1562107.852772746573532453656970035,25076905.8575643461905039619999014
1646438400,877194.326967923043602368,331.881180635462292026,877311.1651390182679943150505070875,25643972.93628963550964309706676583
1646352000,2449070.457829500828576298,914.44195760102127872,2454028.415023770206372292607754425,25416216.81929176662280796921334186
1646265600,1714210.473357501024959819,596.801353813766170713,1715433.051554614089378752837638783,26496365.35705670445817482717736097
1646179200,2862581.833269598761919286,959.903297207654030912,2853035.194714651683846660567075499,27025014.55102203525934629122679026
1646092800,2708562.777650720659496378,920.946657009424516194,2708060.337385103012890593863610109,27118951.36768622105697073187872541
1646006400,3330739.111128919730389845,1232.998638291137048152,3331317.553293576114822545348129717,26847948.0983488711261458045529148
1645920000,3062077.757573640745607322,1131.98758797193152617,3063081.494846552193986864962148959,25458168.83509854500237450112122922
1645833600,1927686.757971286905467515,689.743995142206396974,1928156.491992137319536344748720479,30953668.39568646425125222010776497
1645747200,3330056.949720569216191163,1243.657837624201837617,3329608.119242288857560059883576344,30923802.84871328183089053571936944
1645660800,9975535.120198762142447556,4053.345890077730680904,9942121.136630711437496831333085028,29980497.4640331771708276260889129
1645574400,2037323.625083015492168258,765.978184646683893071,2037350.849724478809327255455284142,29914281.28887899098168793220695016
1645488000,5832433.180129944478659824,2307.271150548405266271,5918885.227133771044933108996552111,30230482.37839027356262456378630416
1645401600,4319174.576132439473321543,1628.441761273201316408,4322339.313558616849804854704653885,29737739.21181348235898173561037292
1645315200,2952996.504434113518095687,1113.410586045004739501,2952045.34722018513460037549455814,30133093.90467076932752930766254449
1645228800,3284728.080472489411814714,1224.534985950654680996,3363108.442183630440994599293699353,29779622.95685519750231086743167407
1645142400,4155264.978279979979675213,1439.545342849519110293,4122251.495082498745475468833358518,29892704.76837911311368714648997896
1645056000,2854423.534900844687063177,949.945923242867685648,2852582.561832704669577883847051911,30540805.68826094608515305582606872
1644969600,7685910.823263190155855848,2754.869957690581303561,8566282.657051858117770646229919974,31843243.76268783965948672692799788
1644883200,1977814.680330395400859299,644.12895910283711809,1975776.738492686431481839392111193,31748308.15487688819709210997870458
1644796800,3204901.600098035121464221,1120.7600519307268518,3234335.900717484799097628619171656,30470243.63413315720952733796881684
1644710400,1610423.309399827147050003,555.323563394457102743,1610691.883919804100179070615833142,30224005.70720219179565886246149195
1644624000,2524543.354783466913880423,862.613040386803477554,2522984.277614241315619622991344108,30374957.70036821545124900507551932
1644537600,4913587.862177785007845847,1637.086433367764778472,4948954.744585063965660872132562761,30489095.86918345652546536496209417
1644451200,5069197.223240314031456789,1625.701749857222893558,5137271.002038724105477961509278255,31144753.7988516585800078574030213
1644364800,3456603.880295849454880999,1090.072336480638263021,3430985.44168769346451184625483321,32018618.55127103649121848720257132
1644278400,2874790.765416020240701896,927.696572679946202102,2878467.151381785493786762759114599,31452706.22927931925213145504718592
1644192000,3667200.644552927258488983,1174.741007231529096545,3671903.802078998339829040810026214,31537101.96128483858863115324385416
1644105600,1690129.107190850342124873,560.321205267373081084,1688621.530179795982047981247345775,31076701.91868778616904395640284261
1644019200,1740394.485270048329282059,578.738475693108829704,1741245.484262577345021967698291782,30850145.10514065056622782282148985
1643932800,2764428.732264483275727995,970.532023791711329854,2763083.326620441401927869756467491,30726428.92794921022914396185035982
1643846400,2106788.686126701577849328,798.425354073446800282,2105919.72877191557216259326658091,29130269.51823667862037813227047322
1643760000,2793658.938352756695270953,1033.598895649226516849,2798619.619209659208008940129957117,29016333.45826480871249304404600657
1643673600,2360704.833091965486038766,854.08986722241823927,2360335.670728085552844843084836159,29666778.39044813787164650089841461
1643587200,2954544.894706325649567204,1133.209329668212867663,2954152.170449936896460413198376342,29086985.15425117518476863693887598
1643500800,2604429.278577576604221871,1009.526262617216157655,2615363.306674881188466087672356205,28646257.33968115390946376649817932
1643414400,1963672.561644428225631323,762.437373498362360425,1963168.390383330091593140588957015,28593704.20146908013423063754150601
1643328000,3014003.810784793305241885,1237.710243371059666123,3014194.9836923778398019008395362,28361318.39480821578851568057538527
1643241600,4605301.616321154597414495,1932.061431937551334228,4621659.799356731218569775547148915,27706679.35807639518816964510455748
1643155200,8609131.671469434114146568,3240.437780600373343276,8251190.697268576054684851072727736,27997000.72325519415061373428203206
1643068800,3951434.550883399026420879,1636.457528627521910838,3969723.504014841172636895473337549,26978703.95228660715550942129173619
1642982400,14741681.996877597604130859,6542.552212182702414413,14864601.79469784866179861689502012,23663194.49936995108319321245581599
1642896000,3408557.284684697756814313,1387.126139698146368854,3408798.165058901394045918137133572,23986958.21857014395618997923722904
1642809600,27515659.52710901680067758,11415.092080605191213434,28173022.87465685195729427309130876,23291392.68541107157680711701672799
1642723200,18137151.33267092339868197,6757.543698880866126133,18419909.12033379079568150253863435,24066977.56763160637947791042635678
1642636800,2437221.672526677786392368,778.311506646300499697,2438595.751610016534651783678194549,25891234.61669756830193692589469903
1642550400,2963133.292992830020133659,957.61570256486713102,2983213.575762103517314654208450974,26276763.92538398454862890707443422
1642464000,4320352.508473891335965184,1372.372490912720138798,4316223.441517216660148001520431904,26371184.36188087301541262039088704
1642377600,3353997.86667222355286031,1030.554064980578835454,3361287.800588166764107555855943002,28442228.61870549432804833397365559
1642291200,2034375.946186138306577978,610.519316582365359362,2034919.287827038282933249882665151,29140876.30269352293003430247618772
1642204800,1591193.520661168140080804,479.798705910639384721,1596807.277265472799934858776162576,29031441.33743655928109205182876673
1642118400,2147179.92742951876122705,655.97695006830872121,2146634.595497481110929401140491298,28886375.63709273054150464298040902
1642032000,2534407.675260915459687243,759.488796930561913846,2528109.796755706732938137805946795,28640041.01007614022576970306693694
1641945600,4556648.275118902004926425,1372.162165705030363511,4527062.727873385095449161894265552,29170678.32973042007396129394352246
1641859200,5242165.372039174012154952,1658.02609137973969497,5239278.02820899736887882282841406,72018760.13682786320105753786023929
1641772800,15610047.617083609772690164,5170.439649538790382535,15661268.68240734942524690758178879,69994186.69361159250992199145019054
1641686400,5396203.06722860306050412,1749.243875371838390022,5428132.869124961535679164853165107,70796359.90800133813211605888062211
1641600000,8296137.259668386956376963,2678.796602953483639228,8302043.682754716541044536753471658,70184296.97582916074837056186361278
1641513600,49239810.690795871160684942,15583.754893558815248128,49593311.1720524809264307494476112,71144896.53999778460102285786853006
1641427200,13221920.727093180836218552,3884.54954184342475817,13262358.56832801482917870340365037,73991968.17964998643586488108263355
1641340800,23199651.177790658260022235,6667.459674289173905347,23929763.88297000987275044445134949,75446129.35982728289099438696548948
1641254400,4641629.986691427804016863,1224.586402623916262303,4641449.714777671954644048369065085,77870336.11283506514734417686069741
1641168000,3876765.199232582479948005,1027.677667246343741132,3878841.429742208719093977726939337,77706076.45966145253015799185499336
1641081600,2579098.897850305388938918,683.294684100577304322,2580521.720668901361826246373668781,78531971.60959875976943953099114998
1640995200,5023783.318292499942139936,1343.624617734718036379,5015533.774868806369866178900309477,77768180.58787366226910900919688557
1640908800,5837585.554151813614853275,1566.450508946786277867,5834112.850320428809090436172233644,76873230.13571638915375278336383356
1640822400,5106967.950026304056185906,1381.276997781565563227,5111464.557657753235463638704841667,77181018.32387036572907153507615725
1640736000,4736858.827284926211461774,1267.385290515144228478,4736648.134751069092986207687284695,76145375.14924547763457273260050903
1640649600,5006920.694369905046122809,1289.769959666586488485,5006901.248933124939387717402819291,78056481.34566883261990132942505911
1640563200,2076597.650942100224288552,509.473102886799320762,2078540.245941390793438612368576551,80319454.45809177276734542226642263
1640476800,2515404.520323684774044363,620.102399353123289488,2512147.599941709352074753448554857,80584552.51503753114506368827010617
1640390400,2280321.141023831312610282,559.640914019711985153,2279970.258859269814820707556775142,81059527.61250451440757881693022263
1640304000,2654213.980723817552064137,649.024231892663187125,2654243.575544511848246874946349886,80526198.19391836620568030670241179
1640217600,3575472.207673135686132345,895.336630427766491595,3575020.252390890878177467315008651,80997539.9067070923111627402615383
1640131200,2958788.728687431528286872,738.199657683569719876,2958520.978355770136512836980006433,79910151.20175697745627439229696353
1640044800,4642500.230484576011638485,1167.978656088728287845,4645592.886597854171896938858262973,80296198.24502795801669486805958227
1639958400,5561557.045222072547976039,1441.408672699606755819,5561001.142263907013885093423491409,79403379.62585990144280145458128029
1639872000,4541995.79846917736244497,1150.589564866914272172,4541613.373232437796456855198392002,79361094.48952624729599463395460693
1639785600,5944804.427794257596669397,1527.252438358618099578,5942517.984187269385214882401865983,79637261.83078691480519687737610234
1639699200,8084989.870928065020637084,2101.867832244364070416,8084625.10059195664757697642004942,78833869.26837678371284733258272744
1639612800,5908272.296586798417968158,1480.10032841345681069,5962514.479871798006725003514285434,79817962.99466488557452859134027594
1639526400,8156017.592592231806626694,2113.406405439900664716,8150784.334702756610236644259657628,80269085.79836693869333712211459998
1639440000,8572460.636148732603787748,2262.077464397137863817,8556538.090660904489702586415613914,78619700.8143244376962003798653422
1639353600,11740313.517688013542695918,3065.098957958773461995,11766611.92181561509372579423020323,77770056.24581391383421064266144541
1639267200,5532703.040329554715575743,1377.046663872967334045,5586895.616134283137605209456934801,81377600.34302838647870132698191403
1639180800,6405227.561982049374269027,1605.363270073245221285,6402927.015320794941265805764160779,80721025.3741638362757432598977132
1639094400,10895788.49231266668235402,2687.10960333792085488,10901951.40584702416477450178905701,79035880.70365796261673363229510879
1639008000,8198196.400920994335819335,1932.036198961073024631,8199373.336258902062932841579270554,85000202.48711851911616909422876536
1638921600,5659799.816652087697548145,1302.046087631113793502,5656173.307796401658996873870617254,87928959.65185811854059212293695006
1638835200,4397852.053463360564654116,1012.939330398495808536,4396694.409315337930343463491333705,86552841.56829751974469477700998193
1638748800,12371320.877429044834185949,3027.255751866675266369,12382974.92583230787922608683752201,87076289.98281745753450564245690919
1638662400,7309680.825466223922784883,1764.838181331952663314,7307020.674009099609386946097537471,85332227.47936079115412793849463072
1638576000,32629557.83256955216873678,8438.859347536423053338,32827569.00253576462802150957285853,84555532.69348296350125470002233158
1638489600,9730427.98055633635481361,2223.40385508527523747,9732713.027042719865999916340911237,85675260.87429534705623564851136333
1638403200,6418363.559158178315356651,1412.729898330272097224,6408577.282927926458878763134586913,88475289.82349524170909495525344559
1638316800,7635571.537692762984903578,1634.616596888341077868,7637691.380460211397987755374371192,89098697.64184058600455322140511287
1638230400,7994460.93262907862715509,1754.474170014689620213,7993306.056606681025580957867371206,89643398.33541982837589136365087324
1638144000,6142208.119701205524351791,1408.821080759304077507,6142539.060252941504387874066690606,87562259.96520833048861696679648123
1638057600,7241137.269374279750306754,1763.106766362680914596,7237473.030301723604499514810081046,86169949.74560753621834494608387664
1637971200,7654311.291751159177106687,1852.038558234505473701,7619687.772010106679439457639528649,84013002.95853927122000852112613672
1637884800,14522238.226915235365454456,3511.559567569266552502,14506328.1587378331659727124597079,83704825.0070971543972928066617909
1637798400,5418931.15956347021948355,1227.951842440069023635,5417861.490592856069474273953901431,88486321.875348699133288317955181
1637712000,8735354.076273968370616749,2045.598697343024639156,8743100.352504877820819181753012083,85945637.81726245801267569993679225
1637625600,10827258.713749886301286666,2553.79806848764642835,10747585.01220081213756364482081352,86742877.43234054966679247845152738
1637539200,10349053.319720371641428167,2493.136570341112314342,10384984.86747197939791664974244403,84210369.8357727410874104301505982
1637452800,6512683.46687035723232944,1482.924824295124069822,6480210.375315763474916573466015208,85979130.06193440428741848662356825
1637366400,8150929.34852542331683169,1880.975011658747116225,8092787.093833021068794764689967988,87252153.37015639678045310019803854
1637280000,5699585.903246183108436864,1380.583958467112533049,5700414.401413088240254415700157991,86185513.01680978946548190213486141
1637193600,10657082.892048271595716232,2582.095763868935657093,10673046.96120425954568493884815961,83014104.88322583482803446795249832
1637107200,10374753.129345464475921304,2479.540948716275389105,10377862.92574983244555087332587981,86610051.53449663994873835341334153
1637020800,22745805.655380286823390918,5280.221303857652150632,22774464.18522999389697533390330848,85578966.66457780103362100108773692
1636934400,3822896.998365904200811683,820.409352585136224012,3824700.499584353704235012651257143,88719852.85516981669241655860301238
1636848000,7284203.328947760448353106,1592.035214236977321011,7303178.354272163603681984203411086,89034516.88801213659860306775976569
1636761600,3766780.970926649171642667,811.2291457455241358,3775744.944570917897445965135625124,89410263.65992885385158146647883891
1636675200,6727186.46915319690590959,1445.810689058484110612,6727424.839230411282741055181025643,89883905.71116743591176174376586134
1636588800,10718824.146311710187340126,2329.106487234466218672,10819926.55859151091235275336061138,90379276.87081093926915583347667608
1636502400,12199314.865968191488494715,2582.050641310276848355,12141277.16790746763648789577701105,89467864.42147042604082010585639242
1636416000,4624419.329150521822090169,966.803366844871552974,4623206.638728583997377029039107154,90414533.70960336689131927801563886
1636329600,4161626.882084881975720351,879.608885642032741718,4160537.58835801778272427485971999,91492623.65010861762447946735470937
1636243200,2871679.514672126940775165,628.413806385500931768,2873348.707412414398140485333113129,89941136.39507573962274364168197549
1636156800,5147737.949836537993286068,1174.402771391633324784,5180562.822970765342570608325039256,89101345.57470376311986978361421938
1636070400,7994356.248885808517372666,1763.483941818063972014,7958838.766021303187238678546257404,88610246.73396058559386457530521107
1635984000,6519763.876556212869347249,1445.842096881083160407,6531127.003217001813574341918771643,89195841.31107607319265650381500769
1635897600,6552572.116409382020895916,1436.739689934589855656,6541365.648423661673103988800137772,92386372.86254535019809509037891235
1635811200,5671398.763592444804600888,1273.097528957722569474,5670283.982835326142228727317347566,92992010.31439854055656933586854551
1635724800,7827150.740467302582622449,1829.815647092865231266,7858257.622439535001531971868186643,90529376.57618215251384188169288835
1635638400,5750560.890076679941966643,1342.067664438205756011,5752933.920655078577799332591962237,89449067.75618085789015388705227821
1635552000,12211423.276658804998415333,2815.393623869804943765,12177670.28801963986595515340380063,89596700.77977441480344652113722541
1635465600,11731439.75941929598398979,2723.572086114003432194,11825273.20206319940005615616790395,90841299.99208336927554903146742361
1635379200,18548008.492862997210779016,4591.296451872168916336,18930455.3767911360064983865370981,89307305.4061920930639647792734563
1635292800,14496792.253288846958933867,3597.054703619081656244,14565280.70088561236787500329880442,85509666.00880501298337358422546444
1635206400,6326900.98773253902766756,1505.378792271112621129,6330650.380699311484428099739202945,87838780.95951277565240690188682751
1635120000,4388986.590659728488539717,1052.831803149668394015,4383910.983658482976355583807563044,88742366.71954134973011567935139951
1635033600,6298745.159334334534748534,1565.495501511951455928,6334966.313805023254411573371861286,87339266.00258558683261777738463716
1634947200,5560264.671163972819290288,1375.083577846209183338,5561733.959634228625356582711870007,88247912.07302967267749276750741546
1634860800,5206248.335583829759831405,1288.529153331776208183,5207597.140992983847123899014618677,86212239.64412747225530653146980244
1634774400,12767489.948553526986657466,3070.278090452272561189,12798049.79897405126940931562820821,87114272.15226048154767642010115496
1634688000,6841288.435779187543274797,1730.130017677164935921,6841291.02441182932094647612960414,88286523.09182813856027379773902333
1634601600,7168993.674453419007420095,1872.833629024439103523,7172270.98212546209702369896691706,85728823.99044503938115774720932668
1634515200,8051694.005978739324490123,2126.800351209133863642,8056648.552877288103297823435266242,84197268.01908494528284582868957067
1634428800,4585138.575253009972076686,1202.581443771330853712,4585488.908714164231489103757498777,85361761.90723631412029649847159741
1634342400,3854784.517231903889300479,996.690654428970898474,3859764.443545550772621678960894531,85462413.52983166351318855359505167
1634256000,9489622.455959290526410889,2484.980718004677743886,9488499.405829532205921045904714583,85445257.2069989257258127545451629
1634169600,5919208.292046093787761083,1601.743020681986204605,5931146.359036516360968343743094524,84580244.52308392685629037327321276
1634083200,4196334.837346086526874194,1202.723332626626999007,4200953.014491856757265722677827869,82517126.70460506369541267183213553
1633996800,7830124.493694003335584293,2253.370849676606976482,7847748.207070356670756731926741753,81416523.65946780784870095414729695
1633910400,9096415.156832988676191703,2604.063624348750452438,9156398.811073156467542846277754165,81781986.99965213686074183816714749
1633824000,5670857.514402719781930405,1614.631843443937116029,5678985.756506960077602943037593535,80466726.6408258225598229888883098
1633737600,3389844.758895364724361124,945.139922717624777185,3390529.437415327211942712712168171,82377453.19307473808192636768647017
1633651200,4534095.044721083135112591,1260.944256786934186293,4537704.966322304849008839090979204,82068439.69469395947129735866758908
1633564800,10216691.560880293192768404,2885.607686759916475638,10316489.22654882983139278351151162,82506521.33275677543120538523092401
1633478400,6521285.679645905982539874,1855.733640627070460367,6521445.165384023725897971933183041,82358891.85548115569075287193924839
1633392000,3915334.698776795519041921,1134.751518027667084443,3911935.057140992065241247486837439,81645475.03546333783156935635780133
1633305600,5738324.13167169552264512,1708.393260960703910587,5743988.816796376502958258598044465,80308933.16036575642181589616781842
1633219200,5562028.074182583543865707,1640.65264839491134177,5581239.945766813077113936904049848,80452293.07069602545799308347257654
1633132800,5684852.45221549199182335,1707.442101695921445966,5700996.269537160798032970708314244,80019052.0780645856312468171628397
1633046400,6707305.64698153804581631,2121.161993571440589571,6707058.443295022903626487043152772,79015113.876856158933368608788812
1632960000,7895147.910046455954637584,2649.494861462318284588,7896246.236483908065083059364407258,75322010.02431407653140495558145025
1632873600,5888999.260756858230538956,2056.958794649392564411,5890806.881957543640796914842867434,73294924.21411712494579153442185118
1632787200,8485965.530343695319681765,2939.90051337155268209,8489192.810368679561532366033426645,73089119.18679169173138700285946053
1632700800,6425244.211295935703128876,2101.807752691022578134,6432110.081567945317750553513983751,74989345.7206162264285092493369276
1632614400,10156946.088419734041909713,3468.208399370437899303,10159150.09008262574258286507685474,76454345.64007087690058060367698101
1632528000,9181320.223759647816335844,3164.104314418400631445,9190304.09930540901254677564338331,74958405.17692947329126941996299754
1632441600,15100635.710553745562862759,5192.797792834850572934,15106263.53139517761178372947279961,74702900.66694018952533573747442952
1632355200,8199974.400425940296591554,2634.335064850237322172,8226002.825514130818807153672736297,78587229.39756684855602974565253055
1632268800,10093403.825609992862165537,3435.289803039970372621,10094023.71056219352228241389460207,77480472.03314444770898447743582871
1632182400,19651959.572469620117276135,6835.514491352224544242,19672004.20692566739581167508089588,73435267.16179565520706634298466435
1632096000,21255180.353280257157445736,6900.149980567123495714,21358519.04114655146191303323367218,76148096.52786552668596305944243109
1632009600,3969306.549982574123381064,1178.876211241364505034,3971126.406954306306250700417430112,80623674.74782957399238931217303014
1631923200,4395399.01295579823150487,1272.915358554000284118,4398259.731107076907279006316431196,81891853.87075912327873077923147806
1631836800,5904845.32910190404165815,1703.512642107580174175,5907305.35272238224124532128162459,81684140.08230666629854545860078361
1631750400,6645445.030822677876281616,1856.201437074561432185,6652756.962092592547539774456414985,83759133.33532757091378549816022491
1631664000,5862413.415102614939543396,1679.206418525286614308,5866725.280935632083829289229745088,84166893.90875875766902057747263304
1631577600,5555554.131403000227440667,1662.750261638982172095,5554741.592228332088955938496152168,81935042.73163995528661948662920781
1631491200,12051388.864733546050363234,3711.921422650417615144,12058259.32607201417630447131277899,80395215.54244124546492753076316701
1631404800,6619060.304416886704755665,1962.410862669055621261,6615269.675223612342229373247718845,81974473.67210855847466456253754746
1631318400,5137273.704310595286186602,1568.599478083183986826,5137391.762396924733608763397562689,80068257.57224442150735828498290817
1631232000,11079233.511997375774533936,3343.410112336514943924,11095281.28049804904817720396548228,79429906.74336040702678874838888526
1631145600,8748447.977381770147683941,2507.760144921916480356,8751279.749179564938324788308280542,82151266.20941776826201765404589499
1631059200,16122192.248175135251195901,4734.490236028447850003,16119462.41239702573051874505926776,82980308.76411879228408200044860913
1630972800,24143446.911395437928996987,6933.016976409356161798,24199706.92585863784316580884973179,82218685.99129040468468519638297434
1630886400,7157785.286709061463805511,1834.69559176526998067,7216967.731332126751840191286799106,87892520.9890435567341379678664569
1630800000,4856044.36132095872408701,1240.553823650240779642,4860003.598154711163156690190520943,88267349.96737022187352050559304427
1630713600,3915434.895368465338220806,1004.792836407269328758,3916879.410555652817279597504600022,87480618.95721188912054221501827012
1630627200,7680341.253003620154827635,1963.724567553350133586,7667041.646212928659542647924831635,88044446.38216353767922499435154264
1630540800,5556309.483361096106921825,1471.383899837461997954,5558392.085791294476266907835375625,86525483.01151554899074041200087148
1630454400,8307701.24873214318577101,2317.30120034824224823,8305087.753998925169489317220677355,86737493.50586916438324196832887854
1630368000,6938747.267265689232031777,2068.38630080111645948,6939604.905864913488238626540805793,82461954.44103217324502183437170743
1630281600,5675001.28248667935676662,1757.099665056170567744,5678356.853178957339710605670801234,79883080.25425024761787448788467265
1630195200,4004665.88818980577744773,1245.9637829150630151,4002501.384756319775641920000156625,80260764.80872752559857559076777846
1630108800,2742125.643250160004223586,847.240928078712299454,2744753.917912889202944947481661232,80520913.69844975970858326936824252
1630022400,4917697.850247558368679138,1551.973439235577130003,4924051.849368499786336434331347193,80871829.33642557360406669542730964
1629936000,7738301.314775982972719359,2474.236565045683646212,7783151.097043375357201635436842878,78838879.20106669176201350598811701
1629849600,11372022.904292154573327598,3550.755004611156670429,11352213.18220305290211096811760937,80150933.34727282674912777669722287
1629763200,6323946.104658043016324031,1949.035290303915425969,6330932.905276460151812059448080462,79671287.856565556653301980727247
1629676800,5352116.766124615426294912,1611.507455353615408525,5355627.459683372225294472222956672,81289230.89129592467936297543289009
1629590400,4490506.091954509166859861,1401.784537748059399901,4491511.114272510547275820039788998,80445814.66300122682694821412937147
1629504000,4081961.658928769747454105,1251.703000795491494267,4085704.354664776722035919370423143,81642478.16073167549132652912560534
1629417600,5473610.270583040351109139,1691.512336849534146418,5481701.474048197895955488282493143,82141030.80820592059307118266699301
1629331200,7711522.163698571930297287,2541.923334027413696982,7720258.589905916887696858315617238,81140644.79950262239627800381379399
1629244800,11327140.48166362481317819,3762.393132518137783374,11394639.39068080322030492116526846,86319545.33909354429854999063934223
1629158400,9225069.645020699393214277,2942.282573208992830144,9229466.312461908295349682577882383,85890713.78633606848156534709775987
1629072000,7603963.702574044506993028,2357.71217830743198137,7625154.772789717752709567128618513,87664040.26638135464945753475175334
1628985600,7427636.777587792267529984,2324.10332058439947115,7436046.594499872626439468642382301,89882733.84517274515330159614892541
1628899200,10765055.938831737252930782,3299.835564462872104241,10784469.161049332354103059534349,129049739.6869631865860118179259446
1628812800,8641241.51814338654485994,2711.919960044530558714,8663601.22869896181890383715602988,90007815.94786224533508858136449141
1628726400,10300209.723557456711871438,3329.570346120903107964,10312325.27827875417010366271365325,86280086.65705208346870304134793247
1628640000,7355082.284168605789804242,2294.21476876574813056,7354190.44965067833674051478466825,88215422.69883110182397807822602768
1628553600,9132757.357836538215274866,2918.146043176409339562,9148150.516713488053007035603846591,88224171.27339310465713555620761262
1628467200,19631812.910150057070656564,6250.557870630851435665,19412697.08688034442629293723220933,88996512.99437702747838967513129657
1628380800,10038207.238959191939052675,3269.521511153491980296,10049382.11908424662718313483988437,86756658.63488889528718507956014891
1628294400,16067030.836502958171897543,5238.233627527261958584,16009294.89529201548367046274206312,88178088.21784774019543512781191804
1628208000,11597611.031403859994091703,4076.59936238143202692,11596854.72367314276515307189687877,84866018.135520195722858997304523
1628121600,15448346.000807655017804493,5719.819597441987349272,15558959.38598074661659433906071241,84093681.40320984094144029093949777
1628035200,10652865.544319834727352856,4079.247091845507134246,10659407.8816588617483533635468544,82548899.96402305927445106869343095
1627948800,9863122.909106876709348495,3946.960434975982937898,9872395.71248469195406384036805347,79251918.13284155256065645620159724
1627862400,10939931.033532058052518662,4232.055015645611233277,10983611.58940421312042236858159435,80804416.43357552008723160079988598
1627776000,10690209.548523311969733029,4097.522724420722872529,10683156.89281214082843682207002809,79994442.97588129027667028215542313
1627689600,6646313.974253506753046658,2699.758680357753131277,6655999.237381315324310742729762723,79111160.4318654985006241398384782
1627603200,7562819.627271896348321815,3165.688995662088353458,7572057.045067829089828371736941472,78154453.40626819513478132403433747
1627516800,4221618.326597902973410817,1826.066924760651292504,4227136.499688744438185365272700449,76621938.23223409246619738096552332
1627430400,8094776.83436285645257273,3528.267347538307103958,8102158.459788188382385683521881265,75418895.39663850275333448458359363
1627344000,10444764.979063777613560112,4665.335538417365211046,10460368.77146135070005786959495815,75250399.72596865427719871725711584
1627257600,14096120.235111140408976068,6102.028281697530808181,14101941.02215058860982989586690221,74216265.25180277600566914441802235
1627171200,6017679.747547325513263738,2814.747664341308397386,6048545.258266086308419996494536507,73470302.51636097629483911113023465
1627084800,4702137.098554255202069617,2188.093315396874814903,4706700.824357422319773862221138424,73302191.11563346922659115956203888
1626998400,6212151.711288912566461883,3028.964331606072854437,6215146.404914511108876675479150422,72204592.81374405519727640505390482
1626912000,6815944.326684393232466362,3421.303162504057332881,6827016.409608913236941153374027218,70623988.79942910280659108539205145
1626825600,10219961.104645544625585465,5382.574297246595629083,10260586.21844905154392225020219964,69983577.82734684571784398633310828
1626739200,10667332.748124163776211157,6087.324697309867119722,10689686.36123436439175670581231017,66284509.36291313616517779944266934
1626652800,6401034.761144539963415277,3462.576879425423448419,6412846.131282266092062022173824194,67257186.5402204409666548969692748
1626566400,4073092.422041035243234182,2106.812853695571014366,4076137.230754648119433840287049125,68599004.55752780878227928438037416
1626480000,4708302.961386401130384993,2500.422423385684992988,4712622.913720279861593877499526311,68676023.9458448403067702879284922
1626393600,5370914.718002621606621316,2826.214294316979379026,5376913.757124371880706774863957116,68120870.12085641879027953534460103
1626307200,8307780.764978905549744628,4279.384829605956508268,8315953.332410628300077996392373603,68836965.24966501899909686405565813
1626220800,6929886.947402253433232375,3574.018814566891864765,6930226.834919529227941868121889028,70231505.631537467136834527459089
1626134400,6784908.171376414151601123,3424.738489229678659635,6797486.319327131305581510365806241,69192938.06133134747311201351201387
1626048000,3743590.329783117805384188,1806.818379036000479145,3746295.125165899676431977328325028,70835178.67412428268437467320684528
1625961600,3523979.775771106324070509,1657.292598327418556918,3524959.469567108641565704611703011,72714868.67154874222645377360870293
1625875200,5747302.859691173251532694,2713.45244185422556253,5749546.350851956964822595501625949,72280725.20588838470239528903659261
1625788800,6147401.739673549530664733,2901.00621158783923293,6150039.399617442592942752785011838,73807375.86714006433698610694432993
1625702400,7976079.194157324832991495,3643.604398266280464625,8018445.968398527578226693126076246,73288109.39313160274220089376454156
1625616000,5215042.193491633038889563,2211.384159101718204701,5216344.932804703504060950367925132,76620095.68359889583080373267985631
1625529600,7553331.09782230444093475,3304.018470216441216371,7557065.191710728475802602559874694,76803600.98220860904672204899008348
1625443200,7708005.67409793114988972,3443.526750642016257441,7713158.232096462278880680410239893,74865687.37426516237134557276325519
1625356800,9509985.140716990107312771,4189.110763943566850006,9550122.492203298327282437013842378,81893648.57357799023314568021556918
1625270400,5851242.450890764257344723,2675.728916589333238644,5852481.951895018299389245391095645,80361056.88166570929024998189086698
1625184000,7137164.04246260566844999,3436.241399381042322904,7140833.332836215662967985197142606,79308660.9583986057360021797714981
1625097600,9467488.803514246092629901,4427.22216657392904724,9477683.321117464292279821225251119,78653558.01740409717085676198249682
1625011200,10156921.652751182522142812,4692.546938959816087651,10161145.20858395744390127578457381,81552406.10320979016247161703474741
1624924800,8787375.812425472700986211,4058.876113369517735969,8793826.184122658627525912812394506,80737111.8719425111395737049282041
1624838400,9592325.615894205730155992,4677.941303735149579475,9600554.128548474119844743291161193,78689315.83543751237045894505340394
1624752000,9982083.984234526018093994,5348.921085455320586427,9982511.242601769135177976367724801,76793506.26285054462625668731164962
1624665600,12215688.604533937435330473,6867.276240491234745578,12227315.59522051560656491998384164,74058610.39633028745537339589757663
1624579200,13503529.965743526951707889,7203.375337711123986289,13515403.4654701820117579106834543,73777525.18112471454741455243319635
1624492800,7865917.401913296027297522,4010.335020426544392156,7871105.215929125384406795800212935,82671141.11200427747935131281231395
1624406400,16031415.747066236736558477,8161.362835365459612604,16072780.54513970593950278801866856,77223086.79441880374505420199036795
1624320000,34880632.363678137122755877,18785.556845304608234963,34938749.8599251793645463043002808,75261576.03770161077760441629176482
1624233600,36489555.880594082546092994,18448.467466258645220937,36596893.3055295051697095010110801,71031956.90842251685331230448949223
1624147200,12116557.377740510976567453,5636.281850459572540904,12130986.96604274600435975581256978,78073026.41820229475937248409586749
1624060800,6881600.554371925756234175,3100.287297791735313761,6887903.161884832085038051691213738,76963560.32459473844970937820681444
1623974400,11858495.55817953647563352,5299.022605546766353911,11899588.93747475689499104730807415,77985174.95399395694211899442253363
1623888000,6999883.217442682553542805,2944.227042345362451049,7008224.207355515535756238342258941,81888567.37149056028860424113046455
1623801600,8007797.559910170802694255,3290.212412926708938204,8019997.19539121437294635387433854,81726045.43973734596348904020865804
1623715200,7539091.807544157050874706,2924.997905168933328731,7546271.272258903442646526848314836,84924621.08863310903911143218538284
1623628800,8199307.029693976534579422,3243.237255368633413584,8211854.504732885265409309160485772,84870505.3890789052733856156831082
1623542400,8755428.535705243637925769,3629.892783239727698075,8764266.617416039362964494149342329,83877106.62738597934151009669187903
1623456000,12116671.070081947214922029,5167.040788297674880804,12146289.25305725126040376105426103,81528669.1322453244645000676446144
1623369600,11137717.070740015910221895,4616.292304444825897005,11151527.17582993530335905843413479,81448255.04107871658528173660718115
1623283200,10147988.006496644459322945,4023.917520464620106609,10156047.13806276926275316086318103,83490110.00422518287704015540388705
1623196800,15640491.20804970199099876,6203.432308312547718861,15644870.05277455455114399541433816,85734731.85206104267517020245709478
1623110400,26440599.054541949433586646,10703.977282392835609454,26475708.31493791522324558605631935,84352042.69950768850719684062640491
1623024000,13570619.238239310887847471,5028.239545999567555501,13589671.76763771009586854488967655,85629888.31716519375485352068854666
1622937600,8889681.551468692203985004,3303.625215148877295963,8895702.686646688027759438388925348,87585567.71788048704944210025353105
1622851200,18826690.350528158801778172,7103.012496956403020141,18865339.19945292958517911020225574,86503575.00545422708883758401763837
1622764800,34558997.779144328004520321,12979.025758696471510622,34618996.62614873551281507611980197,88337276.49489447693662643990118504
1622678400,13052604.409549721035219502,4678.021543160912487629,13063985.41865447406529584461828903,91507087.37306906619515089338719463
1622592000,12494820.400715364699523119,4647.23750408980211166,12507838.36150639460633013103711859,89323381.43907089813875713934370061
1622505600,17299768.698762692629083738,6630.490049358241200217,17322960.79142828466218340635789792,87999294.06639292599075158579780912
1622419200,24724591.116697801103831485,9893.489019614077018994,24643746.67704474424540851853716476,89099521.74055291957738179154012131
1622332800,21242077.923080387860000464,9050.127082499650675136,21288662.43744754201778867646332379,83872438.88166145594469792000562999
1622246400,31340654.132705187324246804,13318.388584049489715836,31392849.31710124517590482754751817,81889621.05542427612945483283227671
1622160000,33323301.078844768544987531,13269.636798206874895795,33357348.24028871380095340146560077,84652120.00851748845018671652016284
1622073600,25152249.223236728152786952,9137.755111303022850758,25166151.79183140133586102324836083,89895618.85795251758884269440194799
1621987200,36931802.805038877346937755,13298.608890019117500224,36965146.83248978024492474419316716,92209698.03667956776251597015965637
1621900800,46423252.958119889654347736,18103.716344522687984437,46442083.91411215475636100976384193,90356319.68089828461246577411199936
1621814400,62554867.369176937598437848,26256.39002212206320679,62594545.6730357481667432622063836,89813724.04803061266479889369108378
1621728000,151126244.095286647544588432,76088.098417896227418968,151373262.5047246576828359553187633,80854403.98577040666400620123420408
1621641600,75740345.176840679454386188,32655.111493292005842054,75835890.75819308535642454981865145,110476413.0904754234520144801250656
1621555200,128006636.781891540422051857,52278.963672936008666774,128222348.4913713285564292692511098,113849132.3777131918007764280875803
1621468800,146309154.621399202340944666,57193.689936140923638704,146500164.3568351118823876456280675,125902317.2676485694953063081869922
1621382400,342157455.319997107633241809,134790.2950627803793329,342306315.9444457719374677354878729,120581218.6423829682046185412347187
1621296000,44576823.902557221245321898,13122.562016038903231663,44553668.61250353160973667817193769,146156213.3800580397503895003199379
1621209600,84307851.117891835903092497,25179.778485787925670378,84216379.96135413075464065834565357,143457399.0926100965136092745068206
1621123200,75495543.370345011667541014,21103.740934329556712259,75410145.36183042381967303281024434,152025063.4210105599456643716043822
1621036800,52182293.726151266827563813,13516.005446356496019527,52208052.05193958342456634760305914,153655294.1849812173698012291250405
1620950400,41260035.089989101789062541,10364.717531701663441834,41268643.49108504183340897010490372,164061125.8456544717512506707721041
1620864000,119798034.691594113155368298,31712.716894474651222178,120021192.8133536473375505785625141,158072569.0967964445814788039466302
1620777600,70572251.65644511773977553,17036.507590681138019228,70662136.07264744236802935096121141,160312587.589877267365069720009563
1620691200,36521685.527527858158427035,9218.253959030242868603,36548666.17006556175785580290382572,167603281.9134446844971458280122432
1620604800,68001518.701918194414194671,16934.634128409397624062,68116894.60970145856241088254312824,163674802.2018737048418152308327095
1620518400,30755168.604644758378959855,7928.454163425866992048,30787505.05400827324262695983823605,163827397.9710971159981635143209717
1620432000,43631090.826584183268762543,11745.159278858427544926,43695872.69740288320106821530622187,163746292.8811794998850356621758341
1620345600,25273935.034452539855813468,7273.837546688141919604,25309814.45226250953719027041510279,155485086.285660387021586413427655
1620259200,31028352.808619867788628179,8891.101737466096634533,31039306.52535632591567515563463353,163049264.9299537333105344521292458
1620172800,51693085.519976514488451432,15469.729957076013794544,51744431.30973423578179289552263438,170757247.9459642276505565105936951
1620086400,96290443.939613388257068661,28944.219025046743668402,96424197.83153849608204743314335258,174625195.0006543512415211300754424
1620000000,77785078.369669356130470576,24370.90756538771856796,77799771.09024251090496625213905263,178464068.453714326326630459511198
1619913600,44290283.281195138957921079,15164.545082422413308413,44440810.93575576247853748524044129,164057594.3736053338937473815756704
1619827200,34033865.721628073257915002,11847.778358219896376527,34072279.14272921506110484722999611,163245655.4544389713309223706765413
1619740800,28799530.027342166091944002,10473.563769600815599061,28854785.49855241028641665211787177,158688615.8575177383447525739975812
1619654400,42439852.372774478168347211,15579.421785627575119767,42590669.66788049710084885414969025,157404907.0220761688250125863459433
1619568000,54551531.753655135653892719,20397.281627425092133105,54682716.02909616089681505874801507,156721080.4906878156709446650613715
1619481600,30178118.286675658087399759,11652.116171229210256455,30184969.24353875531950021307235951,154097176.7148746064615251588122267
1619395200,49358938.73442011001174396,20003.089240013576354247,49408763.66599709062133731159023458,148339078.2434015304393870444038909
1619308800,40245556.615217811918029128,17879.514536373911447561,40252495.6968762599580093837986525,132173264.2329418073617498065620524
1619222400,55998183.835506029581905719,25073.239796215975630226,56153035.35560340500490298363946697,128966829.6594737914409170403224637
1619136000,88267565.944437139685810271,39316.388641816283076765,88533554.05856657033156344069163727,131874434.1764632987476681571379712
1619049600,84998553.41286476676587327,34428.711795914360305544,85170876.99975816774458924554642695,132426844.0875628007481703921429593
1618963200,54367548.02070547438905847,23192.22339386854256816,54541633.94256102694917466727709517,126177509.972249222816651007037076
1618876800,48539670.164988224235662268,22507.8842120283459456,48592807.09081013905224132783468975,125596580.5671496591747097737896988
1618790400,37492177.493928754073955647,17071.667381731199173844,37528566.48949976517201656374221454,119362599.4084299247128190692639263
1618704000,104002120.438556819254258122,48026.7254904428762266,103882984.3711272197826811955036981,121230824.5819306201215659223798424
1618617600,29621017.341284409931389442,12374.075543545881590831,29682322.24032477241731059998033236,123513517.5082368291035125398204705
1618531200,42175298.567614602838333875,17444.77097179772140952,42212860.39205494455168118775676231,125981974.2786975352283890021770439
