date,reserve0,reserve1,totalSupply,reserveUSD,dailyVolumeToken0,dailyVolumeToken1,dailyVolumeUSD,dailyTxns
1650153600,29788744696477.361767333511644704,991.321515027089702202,145476736.84011791157069166,6026479.063965728303342783350084809,1436175933600.800901831167237925,49.371964862716996246,150005.4563180771837330933183966414,50
1650067200,29241858195359.967298705901486705,1009.713510572609749356,145476736.84011791157069166,6196794.213304026239541848860589577,2737615701546.253397928112563199,93.616914136011751542,284684.9930083805010180651017337564,70
1649980800,29141211739386.358859906974476576,1012.918748680963256718,145476736.84011791157069166,6142152.332885831935504484086194798,2292695808068.549596741980080935,79.845540414005560337,240554.7258983734357037788724501283,66
1649894400,28468588708634.093446006305868225,1036.606907833528452977,145476736.84011791157069166,6264396.353927570189771945733484634,2127694906886.351274452462163038,80.567403490130603893,248055.9839035185650318355379762852,64
1649808000,27564921649277.144758160773796863,1070.345610937044876596,145476736.84011791157069166,6677763.979568254916480326608034199,2010101932743.217554416703067877,78.419019916820769242,241746.6944829067915517262945010062,71
1649721600,27675402833712.951001666093648888,1065.83957883116962503,145476736.84011791157069166,6445119.621773425098652087449814734,6105844663043.618558896413080903,238.30337500773535384,716434.2865955256023217296512998585,118
1649635200,28102038952163.513817642752483519,1048.96084201050828374,145476736.84011791157069166,6286345.104409194266556728273999833,2938830688311.53199386054109078,114.473549092901964609,357661.4388990230868727158117373896,111
1649548800,26442312031806.137088202307408153,1114.444925509746980495,145476736.84011791157069166,7178188.828113241230282197764741804,2059891789010.125855641429089386,86.337888714508576172,281397.9271327114528963033924102459,71
1649462400,26849721262907.096189055540297543,1096.86672770500785475,145449372.081748149340035807,7117777.208049483789983092891492031,3231603856162.186095678124878232,135.170461457431610288,434208.7219934079241852758739575045,93
1649376000,26515741546968.266163506661707495,1110.27786331487271526,145449372.081748149340035807,7062973.826509637394767326179841713,9135840164721.033214464152156297,424.952788088223641665,1382947.696608845224668035175344126,166
1649289600,26321037316365.358974015135681962,1116.835673878246505414,145420587.911406108442665845,7241827.707435229054697334397469059,3988294854625.016793146168715039,170.513847570658962289,547487.3228784216597604572401335297,108
1649203200,26295391024261.523969175079472758,1117.195873214047834182,145406264.355844120182976051,7120888.902331626709090541390875843,5493061138490.181798510288024272,244.930772546941657743,806521.5393467845011278510806425606,180
1649116800,25485022568249.819621996111407089,1134.096466164379625236,144273202.213933884034200377,7790042.703492613323285321229840608,10975784731541.856062283073377602,542.092012767050324888,1880668.869704959634210616973103145,221
1649030400,23496157305627.539429703650728345,1226.417087703609146031,144154926.675310285222140629,8650661.523784822809381022275259462,14864344608951.417324718506610501,805.84903139484167407,2807296.835873378009242652756284507,395
1648944000,21694998037452.756461353366486702,1325.681964429318938313,144154926.675310285222140629,9340635.108708211991414479090156082,19532881091949.102534936984824054,1048.595618803441071439,3662158.109433849226611423596087875,601
1648857600,25694944436284.968113155492286461,1121.034702957343853643,144446647.156352108976471818,7732853.74907888194558406127211071,7081726133579.276765705330659122,348.436209461575557854,1211504.350480339904937905196687771,180
1648771200,23979976007954.923649401099588373,1200.158316713824003679,144446647.156352108976471818,8259241.597160960781054154311078218,12343390681486.324748495518867391,555.931188506581367583,1862699.20172874316650049478150818,247
1648684800,26561310527680.760117110286808044,1081.940746702206058202,144446647.156352108976471818,7088725.083651547715033110686227511,17818421906148.607073625186220819,918.285718151666127263,3102592.02581294397537950040969948,496
1648598400,24507364166309.074009280483114579,1189.703475207071306892,145657305.372543237140857192,8052369.612487169617822199422190646,55394880781957.757356894447403826,2606.577799103869239632,8821909.525193916092600741832142921,698
1648512000,29012464389731.292210744701356442,999.87722095417237301,145754305.372543237140857192,6773577.908478594317579330382197733,3079108311583.629591504770854711,108.989864639888394994,371223.7930200157400808122749892048,95
1648425600,29097818792338.826458908515619051,996.62304896821722174,145754305.372543237140857192,6636315.823523733121187920425331374,2988046235033.582621215882882055,105.53373708454965168,352637.310334967916528655263025565,72
1648339200,29144987486312.086040494871594897,996.999693362614090169,145922698.495338079656114412,6557847.489451342644965513592701903,2801471161799.226924622256723591,93.258222812418222674,298658.897097909517233274891314857,73
1648252800,28886123622167.436957570208489925,1008.324460234703314293,146116698.495338079656114412,6334454.005546747006487418783906939,604615489462.567484683099138877,21.40333278360726593,66945.89592464389231372143270174161,51
1648166400,28422303823780.947236572264514402,1024.714362972710644183,146116698.495338079656114412,6356633.444159880898119461531736854,5711421542297.109228484973626654,213.189182900633238934,664492.0124398751454994263008176181,115
1648080000,27685857868061.465931967109904523,1051.573378064136981105,146133272.900895058921148936,6544314.631632700007554407962512527,1848308407782.010660659488599274,68.197943217937250767,210014.7382373788132745620210548948,150
1647993600,28161231191064.808207808188319589,1033.618177891440921726,146133272.900895058921148936,6260152.500234146152240632621012493,3711176129031.49237965559343937,126.762441404627812098,376777.7691664872672827975115096224,136
1647907200,30416270903673.184680839556737448,958.166095380207594175,146251140.393379544223530915,5712988.383955416084600639589265692,1115660485899.60476203372461174,35.310685530078270058,106205.7223308575297250498917095428,54
1647820800,30509278112491.719589394786056684,955.139735640000877617,146251140.393379544223530915,5530802.679964854698112722810253428,837529108259.489433264144224875,26.153555843801638687,75669.00995395175971409159878353285,51
1647734400,30517905085146.138784488517207724,950.419175806200709927,145915924.192278539461092454,5437945.008346696872856540532060406,1496854372276.641083301930257381,47.297880539091415684,137034.0425654683761202787905308341,61
1647648000,29830042430129.813906941548410473,973.82690990063901053,146038582.95447439197462077,5735063.843684335705796064392320522,2283788992353.787728152264154334,73.11142519943637276,215930.2162648147277773175080714348,59
1647561600,30801359338603.360042033347961683,941.645622615732252963,145941166.848476342241730589,5548582.328435444199088817370821055,1354892522986.64012566969479987,42.681259799149286445,121374.3355150758498199691814659174,48
1647475200,29944674465918.106874639714709762,967.091292575537652186,145838352.988209057734824968,5444487.414512091488813102488094047,964650029929.349373322967829742,31.377937357174163736,87354.08308670250823214707049624392,58
1647388800,29694650951165.196883260918097412,973.791593847580610511,145737534.915796626366159455,5395053.909714968437915625107371403,1784220298767.538131453168821331,60.796844708255388436,164862.6036958125155543393993449838,60
1647302400,28563311368106.438964308000350947,1009.436062876836583609,145540174.568401605329153401,5291634.685085137883511127986830352,1031265259895.307189069269629956,36.461157934776844494,94903.47598407932458274733808203705,61
1647216000,28515386509408.070089758768694783,1009.603782280379955992,145437988.467328924206309719,5226393.421209448009115997876078922,4929123852324.995039806137042654,171.13866415590851108,441484.5880726546487563243070872801,83
1647129600,30404933104859.133939583738973497,946.378644329762882026,145437988.467328924206309719,4747163.848694515650269164386702032,1192214524682.943072084312053283,37.40297861367155096,96057.15767622105505868063709152983,60
1647043200,29901490887224.879526487677249712,962.199048941417276892,145437988.467328924206309719,4970975.265765639717259965219402264,1036037300193.0022402770860898,33.623318555547630659,86963.13774441891006113745060992961,57
1646956800,29797238356020.758815221283438642,965.464784303714709943,145437988.467328924206309719,4965102.773125286691789354283392166,975136049627.479877090104598651,31.722070317800905493,82326.74325266363277271208313929625,54
1646870400,29776193075230.754805125078811133,966.05208013070161061,145437988.467328924206309719,5043709.663929293275917179507397216,4638518663897.526753262561887199,156.016026309599178864,407889.996386578462227724330962672,75
1646784000,29437894284427.618625512346758458,976.690860232379653722,145437988.467328924206309719,5327236.226689453604974735730957026,2089263090517.390928660035637913,69.85834678803474632,190057.8138902535248900550433210728,60
1646697600,29083831952804.882547893997458405,988.36995580311230593,145437988.467328924206309719,5095959.396666563361767433172446505,1612009389384.468321311824746085,54.852456592018623301,140771.5008296638997518474064778126,59
1646611200,28831380284223.279248462841853038,996.858536768573280889,145437988.467328924206309719,4993673.678112908959946041856896332,2703172892987.958008663231488915,97.692834744572237635,248915.3407905397737378088555264613,51
1646524800,28338094062629.945717712237044781,1013.92014010215418116,145437988.467328924206309719,5177542.40418239616265803276378527,6747884260986.565234213701961328,230.472096559631175297,603906.6311330739375732869763046278,86
1646438400,28393335655456.886277934739187347,1010.963308556808636265,145417569.363503138894143586,5390365.993809997612812843728910165,12476628147507.900793297973746343,443.719709652173453681,1180612.039378632151575314403948951,110
1646352000,29927782243115.562448787599207688,957.881262009663333258,145417569.363503138894143586,5013018.628539849243527251863778606,2433603819361.249774745630059544,80.042389788979434319,213871.9110196591782776510434387276,94
1646265600,29328363754154.349983233698817702,979.603662148675823865,145595032.693105526429268179,5563393.269893474044788482426714089,2692602812976.086651581256612405,93.142978833787798922,265842.8182386193073868092866032411,83
1646179200,27902955283627.098420201147785239,1029.358426261071651517,145595032.693105526429268179,6085303.604196800008752838057095909,3001366104112.420767612921529262,111.367755748831955772,330515.3729085441974554775248123175,69
1646092800,27564113317335.157780155627623563,1040.187424172203733355,145491022.179190441374353501,6167324.485570094115820137389369998,3251956212948.658774537313290016,122.273589742267603345,358925.6262690533889819699136111147,69
1646006400,27429843684228.314720563735994311,1044.910584390370258328,145491022.179190441374353501,6068336.207706807915044134079381767,4005877462636.365776733839967981,154.201884124315264635,422655.6442011995186361032668254194,78
1645920000,26770003958853.535726160617322064,1051.911154406438834202,144242920.925385154606945899,5515972.027327023102481857245997809,2940158261019.903439328112373333,116.564937225990892575,319046.9317738942792726461042324829,47
1645833600,26578949347294.988273360950592221,1059.124061445190744343,144242920.925385154606945899,5877909.648624187743705908647051458,1589824249996.230062114540312389,65.292113766834869409,180812.4625490231983074367438899979,59
1645747200,25560735652713.141103303102337858,1101.135339883870277814,144244278.687851904703044066,6209786.100847794192173369251571188,1317325430258.034965643880350819,56.080218702608339183,149427.895854475770361114243763488,53
1645660800,25647983170107.384651011509547191,1097.220956259100230727,144244278.687851904703044066,5694344.677039984741190085861437016,22276870833312.592201490005655372,841.287117596136954731,2026784.25233715093527414916300046,209
1645574400,26369043722652.97676863871267456,1063.622328901652272418,144176522.498921727004488066,5502818.539201285995733500129536923,3161229067788.883641714383660381,132.847436499749798022,353045.1825704996290525653623573515,67
1645488000,25640915444894.150973877140925583,1093.426035727402779674,144176522.498921727004488066,5717770.972569265281662190273657494,1842858685493.791737132353923919,79.966206627585189603,202774.3700122708718179411117159793,56
1645401600,24898009377566.223763718549176793,1123.751710661462772312,144044770.60423250509278653,5818068.303695032885150896363080402,2327450130920.647967570820113209,110.68644751609271672,298014.8417664441293363857264056227,69
1645315200,23808715194101.914782677339217812,1174.827927902410658792,144044770.60423250509278653,6207206.94630058905806107104093034,6337664096981.107080268681015411,304.060392817228455167,799855.0776152137044131602779032731,113
1645228800,24977192909172.589493733224498686,1137.293175996859615678,145217537.650495319749260974,6232443.375287501265721982307984849,2341484869209.728135428105597806,102.25699979109020065,284101.4760741756935509463980363992,82
1645142400,25484513476410.689729124215634066,1114.347964940055947544,145217537.650495319749260974,6195316.238451011232994744558090201,2431601675886.073936587118553978,111.477157473117528263,319586.3531607146891215997193206227,76
1645056000,24786634346555.8797947061408915,1135.91016363597210855,144615525.503237935222705958,6556573.53369745964886021612385641,3931260148613.178665011048187747,190.862433851699369263,564183.7372370682166736814326045824,78
1644969600,23905879350670.859244322491820907,1177.185259112051397829,144615525.503237935222705958,7373924.963006911822989837179845884,4837600619180.178998425651318806,248.648680833899292966,779598.179461118899061105334432715,111
1644883200,22616087557109.336399800168888995,1243.551835045465646905,144615525.503237935222705958,7922866.000797461182968108538361082,5103433816886.988519193076005778,283.763526980842996652,866973.3719107923386043909846860738,142
1644796800,23482890481322.518764249722599561,1196.838751860952869365,144615525.503237935222705958,7026085.181668205775204217744018847,4843845297743.708239863540549167,254.784457964340238089,740858.6961616621449927507392219264,84
1644710400,23243013005291.281569331741496822,1208.436139589253712564,144615525.503237935222705958,6966301.837725366609101009352925662,13162338255358.465385663084736759,771.645314529929739256,2238998.942272328796070188239755698,167
1644624000,22944742046316.423323893384360199,1221.971990290417051642,144615525.503237935222705958,7117019.447402133450199683285128353,4575833086880.370665312521312727,237.303434560105541943,698088.0308578977482952805132233943,134
1644537600,23788345433746.313616355999142657,1178.226966456494082059,144632812.427574846395269011,6901050.014323881311160025249104204,5824420102402.648191641709530298,290.823798819247193254,892653.0519115170586808589259387819,132
1644451200,23928634402947.896640999030641137,1170.464549666388034265,144632812.427574846395269011,7187453.426072160314469240806006182,11293850944048.554365639518214669,541.979484377760917317,1732403.160942010912249487224443206,188
1644364800,23855874908408.170253741978067442,1170.447678505215607855,144512272.617105698495107133,7590297.210077484432737904695722164,13163660372775.695443709756806037,728.893509264103221715,2286871.529819899595319278011599505,226
1644278400,21344402938804.020020101504688073,1298.935375249064230932,144126667.278546067764663703,8114100.651889249777797153083064471,16117684642195.716068084866607964,961.934653492328371942,2967788.742966370284559747213927566,306
1644192000,19581272542291.781833748934099392,1400.64646576515115664,143507288.72275922325864166,8817598.214286477456866089046981639,15506168374938.003010700441880782,988.311750362871653763,3086892.035351658216991604393383306,373
1644105600,21166029912378.790573229009789022,1268.243042171723699162,142133590.690649160639542138,7770950.710941518184690972354140937,18805197767892.328287606863945649,1142.90419559842472821,3431513.129274636562733566469570307,312
1644019200,23363246884463.982100409650396442,1145.905569597387480125,142133254.930649160639542138,6916592.435027838779822055848301489,4859742383944.749904142960476224,239.205773200346621763,720505.1103859183481283232583496068,116
1643932800,24575129175614.452272599017436138,1089.164007854531556326,142162014.398569160639542138,6493866.642489546619567252569290566,10108382343744.936474707949699094,456.946016339319924705,1271143.403593737049853198761391103,136
1643846400,25017407911782.376613276045824583,1068.538767579456208642,142158114.844028145625081903,5694962.34795681127568966698262006,3965643521291.809280284521491874,168.8151774599185987,453251.1682532848754880263135913567,77
1643760000,24506703530542.981663225390511982,1089.683520790965620964,142118350.533366815191659507,5877280.449406633046512529753593164,12759539712078.386599396525709487,610.723900423382082364,1680093.27649267799711374391621188,133
1643673600,24213938055755.635583851954973855,1101.120486549946474978,142118350.533366815191659507,6154357.966758717151139538592173371,12504290984714.738968369528214385,636.673115829942769782,1764923.685209004545059101902490774,202
1643587200,22328325470314.031165321255545076,1192.560338399696718205,142141325.537245223470318053,6411717.785511496197376312573945064,17776815868073.857757257247393625,908.710642529513131345,2435855.476662667615655958848447083,237
1643500800,25508664227893.442955394990021855,1044.124169463139309191,142323298.113292787008632161,5448667.416740455357509111853142855,8700051952201.819126282138256171,396.241396868998823588,1032272.811519452893171817011567764,108
1643414400,23702428955109.444394748400196738,1122.489765210458703721,142323298.113292787008632161,5804544.567584503160289792929446745,3516496157498.03607081051444269,163.49867892403500246,418517.6037243579285484783815020242,93
1643328000,25169159758220.380277911857457615,1056.073958566050802456,142287057.671116562691711912,5384991.303960354052480716832798128,4502536794630.370971482381851024,187.310605273545505006,464611.0450697056628046387239534875,68
1643241600,24101460539321.099606305602557307,1102.272532594970356718,142287057.671116562691711912,5342966.814064944515175175635238641,2413628047593.40508053560659545,113.655720484466850786,271386.4503263902130171187639956019,46
1643155200,23534059051599.392641214645589935,1128.505561671974568582,142287057.671116562691711912,5541558.884017344856544341602471228,4111411717858.2587896740385414,204.55592897125766055,527801.9599335149209870417046738719,52
1643068800,23193185522643.881263007706468933,1144.490720818026965052,142287057.671116562691711912,5624998.868818900027673437237169884,6908356431584.994677897204978203,317.692958491907422983,772319.6907054078453900619073789905,93
1642982400,25196153003780.332793094368845518,1052.605326953173011657,142287057.671116562691711912,5139747.673759079207675436423890886,4982811034641.118563160779027533,198.79402082496001435,451097.5981201791359923194725796815,77
1642896000,25265575717663.654284235096314397,1049.109071009430265027,142287057.671116562691711912,5301795.638132081332902162452111007,3406258531643.066689499392462235,130.536458241832793259,323808.4389024470519714247405928382,79
1642809600,27775415723795.095838130428780024,953.93975645493428134,142287057.671116562691711912,4577692.901617503619893711584934264,3305356318025.514055714860945952,117.239839452667516365,290166.5943644474072301484400461392,80
1642723200,26353063006925.907448399916444109,1012.330047463128612331,142800533.702021095441816723,5223486.687741031750859380851988428,2161089211779.273568700580529008,80.974369528395302454,227651.5167079373055783810750051599,45
1642636800,26542962535969.923917307544838579,1004.844025103041179547,142800533.702021095441816723,6060477.892506728798194707534446618,4108369959469.344432546672819895,160.48665843318598227,507890.6994041426511002871393406712,67
1642550400,26253683445615.59130369431073212,1015.438871978834991855,142800533.702021095441816723,6333334.633607485311646896611599665,3314297690043.894691977192073483,131.486439405311772606,412007.8118024061407960864866615544,79
1642464000,25737487968412.002399663169529737,1035.000984713831924902,142772466.187713710682173416,6572632.260142691780335857827512135,6673129239824.780261956642386979,267.004426537900856721,839050.4769973217989016735667095686,104
1642377600,24305707738306.810650867752127226,1095.122002798961130117,142772466.187713710682173416,7027867.447184872969493512693034439,4344554940058.564076899481262476,214.658376563527997903,698789.0275942587343314911393973268,98
1642291200,23003875244667.034086591515722654,1156.448883093440597044,142772466.187713710682173416,7750734.856707816366902285134143063,7134334342346.286400254121470212,363.92280094209308069,1214368.137148192067936576468266888,154
1642204800,21913633781598.658411043694403512,1212.204394460686420505,142734184.801704515741393293,8088166.016628107566084863442886324,13613130149026.393073723555896378,898.352421117389345811,2981828.067259550529095333245411884,403
1642118400,20729359432951.573958067441306736,1278.86082716580829646,142734184.801704515741393293,8460001.118669375636388830835526441,22443903216310.197421346169665021,1201.462048776450228828,3955844.475248116659838421939344379,341
1642032000,27631538859820.137114758577799383,956.573498864632711902,142734184.801704515741393293,6228525.88831166388606731384051077,4755872668159.902882736189893707,152.472000271993957383,506680.1173465069858846606611956745,85
1641945600,29918907345354.400751174440364772,883.005123579217224391,142734184.801704515741393293,5961060.9487407751261296514075112,4536228348844.60139129980994257,126.791261274264551106,419618.4642053941986424540925816833,58
1641859200,32050681831327.822779427784710256,825.163668595849631998,142842599.556903527023210767,5350276.547267506786137840366307527,860200119646.87349647179049982,22.386663758623779591,70612.58109929130511165570141187407,35
1641772800,31504986121822.612682201702486516,835.974814637454988056,142551860.254315416014339709,5143278.754400608522893403107120962,991274474012.205426750315693231,26.452697781211310238,82442.19932423347329704736497059142,24
1641686400,31146117783216.556379278688812615,845.527054975114670236,142551860.254315416014339709,5339673.970964227074228151365156999,1236835282009.612675296057745153,34.066645585552031571,106917.3434800908586951774167107804,47
1641600000,30921076912949.888920253641832324,851.578523910729783943,142551860.254315416014339709,5269062.637073503709871553952960292,1210984958812.502325130164135292,33.137648816445242398,105553.772626993478628637083568284,55
1641513600,31187184074062.563755313044643548,844.370059345151621152,142565080.052133203908300777,5385119.381884568999198412596930773,1814302796308.398464553094172423,50.087549706872306385,159843.0075116612541191962729487704,58
1641427200,30584054391469.316512403517996193,860.870011414930886385,142565080.052133203908300777,5872333.992075284809730076084654429,1021748831691.75145107558739169,28.800790519136527222,98550.05158075561636998795166293688,45
1641340800,30425070151902.989408295271869373,865.281625024122063695,142565080.052133203908300777,6145970.978492487368757390474269737,3055333213809.790023459033227124,87.26031164723799614,331360.8335106021176054172428228707,45
1641254400,29548717625244.893749988911462711,890.677324323442235721,142565080.052133203908300777,6753394.719412181274256235259266626,642745791784.341121465465073564,19.387343262551573578,73753.28142583212472609535274758941,54
1641168000,29526057332340.839419919564377729,888.610969322762639766,142349651.654626305973515383,6675411.906317123537209718006171949,1187799635173.11856716758107937,35.629725419939082796,135375.4172797919562007160045591845,58
1641081600,29666654948209.590729932915481926,888.939446858709531133,142723129.951587810997507459,6803699.880882903788519091581664288,1640975924621.652391852721168083,48.307722360920923315,182171.8575314962133374352676859113,68
1640995200,30220968123556.870820327973669808,873.049363932200369759,142768794.984405834180594681,6567673.749011036685366847592098079,1730187309074.339353942912954701,48.625339901883261505,181499.498572702041389754399236339,67
1640908800,31144776084797.219413998862036373,846.621374181205895834,142736067.90527057088465854,6235231.728455085852704351153801034,2271166233480.157758177323722268,62.106915420967404562,233225.6565946729223955847827947957,104
1640822400,30692084361297.163498952132244319,861.162812173313710874,142922271.182553703397533907,6366259.2580537667206922871237645,2430378858454.343280587217133546,65.237535484503718873,240518.2693089949550928183854487019,77
1640736000,31674560867327.241686149263799993,841.427013697076585666,143535006.126230867267398735,6096990.380693444034887479856223764,960769414280.879889751589159294,25.45995402890067185,95958.4982288507306954746166666428,52
1640649600,31466887319006.338784519387654394,840.625700515688484599,143002058.596884889286825313,6400790.682530631766562965373300774,1897296396273.73021847792873544,52.228172923511117683,203772.4857934580012581883608906984,70
1640563200,30450620844762.781213575592471404,869.351711223648385112,143070386.990757813994577577,7028660.1752221134861884891448268,7507338115998.188400499087402176,220.101209303850043073,896790.5820683239079077659028741142,130
1640476800,28411113390872.096541000885065016,931.064718108932057503,143070386.990757813994577577,7582957.059360142685682299566871473,4506597584474.93410913625444324,153.890320718154309317,625962.4196851604083682807825397295,66
1640390400,27952711406498.396518776804769352,945.88291653765503736,143070386.990757813994577577,7744536.415560381833587842025045366,528358659242.307092021424156519,18.04555265078433869,73215.70537230160922334600599103212,39
1640304000,27676856841035.425987483426353559,955.25603991795357171,143070386.990757813994577577,7704378.50182929181445906535277004,1481061796485.121737919658114113,51.054608872789450574,209077.8508876891072638501003294561,83
1640217600,28173692070646.129963322106607105,938.026314055356015831,143052574.292154800534693761,7684769.723243916322677878055097974,843654605954.311159829588513145,28.078464387252051946,112468.7049131086402978258880356874,64
1640131200,28126459529206.799290297929553173,939.731347801768924234,143068883.96026054595749185,7496803.822725722480392337341712527,1544669082611.219600973051497238,52.195118522394473105,208657.661450614841750355126565894,99
1640044800,27576567803473.174994520385121067,954.640554438959821784,142794596.406343372124874674,7678775.910370524538133174919994752,2169978950795.467734256841816851,74.714953631086404583,299738.9078261246468274378181051124,88
1639958400,28335326633034.177110935378940997,927.925850930006183093,142722869.272987234983620474,7305615.752684777205362778489649427,1370228015276.547686512779662707,45.440430537214373269,174148.1017337254168892753775119476,75
1639872000,28052653510660.774700864615157264,933.824824493661398962,142470261.896025729959628398,7354261.751376171167992175003406224,2232949726442.172651378097265438,76.783781169840446422,302552.4887157249430785985756147461,100
1639785600,27144982737313.512227259640473977,962.379393347150726861,142290243.475258473310892321,7630711.749508177047354568177363057,930803563174.778049337628297848,33.184651174481603551,129878.6339136964580952292810478952,98
1639699200,26688986657195.299939333106584133,974.69118017522448208,141997000.067669202694352015,7573384.009105030041760173110217827,559568294102.990231163325019047,20.657104600399877527,80399.35926148469768634630877653804,78
1639612800,26546106117116.453894354747865874,986.135678273579392032,142449891.292569202694352015,7858258.18786546106824085042382595,5108385815806.70461518842886468,193.085274193392032506,780033.3758416221294506714022602368,93
1639526400,26753909306359.152851785326253665,964.897183693583910169,141498519.549788787787997015,7741399.239663915251158922111495002,3595718022345.76380684361016082,124.042188462120404748,482924.858437564723031721231845757,140
1639440000,27265528158985.728218046895396484,945.69817775873828962,141444612.324009855948796132,7276451.760172790407097091597622268,4173936885082.259481807929567104,141.265500150586698145,529646.5952473692127772379966856343,107
1639353600,26779577836244.702374016851663078,962.183125690384037815,141426728.532506423845951428,7291638.722359391238571729026633937,2224993715641.586595638927777203,81.331415227992793214,315833.2886515023817186748422223156,87
1639267200,25922031846459.740132325359372433,990.59508588701122571,141201077.646543529754744196,8199678.75845606828449192673191676,2230174679458.409575793731787727,82.15735240503182324,336911.4533499426366509966358536449,127
1639180800,26777839080852.173630593592209488,957.853026958547641248,141139183.769996845728828099,7814104.193338506388116630332384282,8020182308158.176849173369955952,263.198936876688822253,1061385.244642697378089602323476537,167
1639094400,27500744601898.82124917409572185,933.281616272435475861,141245373.014018159382210245,7287718.459648394388959617281417677,2531629716050.294862439604186544,88.293181862929674193,357610.1799377165677417339450172502,125
1639008000,26643715183496.887139279257654655,963.000305100195334085,141243003.191743218010859406,7980065.966143335465459608477708654,1988293969830.430179161788303928,73.667097563047431368,311979.2665362337114870113967261664,124
1638921600,25808550766101.840832796359002313,993.149799811230841485,141186997.161898332985793595,8790453.604900877993596467924332906,1787301510889.943864923830330867,70.878891523844319291,308795.2085730042374907050005994598,97
1638835200,25095268703695.569848764951213909,1025.648108701987641098,141496673.879489838841227122,8816474.299785862913503811604784987,1280815425069.788923430338991404,53.508490663025914546,232299.2208826706618713422809232701,125
1638748800,24733242950483.568272626935806341,1039.232631475983202968,141410500.224393933627995468,9037249.104957703713150484317528209,7240216293044.159458474815490426,299.698588099615715813,1248490.375976504341486912500154763,146
1638662400,24244508540381.750236827484973646,1058.834222957758368842,141381919.690672437062183248,8855638.683824279636102914956633221,3484694985094.363002752165870278,150.377814790979397943,619194.741249234172236787122283832,132
1638576000,23956339261570.724794590667237173,1068.770805197793910474,141227144.430223786995658403,8725603.689543183570783620325338227,5922507307885.153983362422872718,272.397888888945520096,1068719.841225113744390444170139112,174
1638489600,21927643191007.826018254078557895,1165.82651712710849572,141169648.64511627460092256,9855671.8777128929854854099907157,3550926975328.226822902154569125,182.400824138278389619,800601.7473461863762067519202189839,181
1638403200,22415681563574.602035991547021628,1139.899864942726936835,141169648.64511627460092256,10310652.40574962450012402117458341,1489498643521.373136654534489726,74.63393294234700095,339086.894769916214481448819394844,120
1638316800,22564863178583.840435970718855776,1132.139561519297103877,141169648.64511627460092256,10356332.44732714926531263696891947,2815002277659.300322152594003036,151.086067109587740226,707941.4144099633178240963584898058,133
1638230400,20993070257422.495866114053776937,1224.145645300652905128,141616310.705041851339175691,11361952.38940981286177753085413632,14009046516245.793291926217640587,793.774130783171774222,3608539.348136797732243198625136595,362
1638144000,24464898620964.804951027969927206,1047.86942139113647977,141583042.681309184628662659,9316115.651602676177772296268903886,2370087723701.958308873464174845,105.867102532045260474,460467.2985509967502908585534309015,134
1638057600,23279895438841.370419452093127561,1100.239189734771520295,141541669.806531979514826097,9442934.18332888225115644765447389,2187191204458.92206018335644132,104.538426690216162859,426289.0378334291969180454931811088,156
1637971200,23266234279525.267480578377269762,1098.628946285821441912,141416597.446332901216095406,9010385.124238628264622559364156769,7228631818088.847646563036585333,347.204894580724990564,1431037.097903689171633113313370575,209
1637884800,22175274526276.757860645732798157,1151.603033893599777566,141416597.446332901216095406,9306932.334386771722878986847842332,12055246745225.023163061587616602,541.303435272856917349,2244426.560286946260276489397113433,231
1637798400,24444802399854.456951258977987475,1042.029422915126891706,141343175.677163529616994194,9446621.167564739997484510215839591,2391736674462.31093668882959843,103.544244694731860069,454326.5845391170058511081097150633,145
1637712000,24210363168282.426265758357313057,1051.808631926240048555,141343175.677163529616994194,8960780.057501187267522343621838013,3394838908413.938288201071067069,153.296569523356076526,654036.1063333912489535604362000735,175
1637625600,22716208771833.817991589261951279,1117.683577716862557182,141164785.564062403713026668,9699720.567508868913704763874935258,5081820911342.619908532099375287,240.79484046838997051,1013761.463316185054137123896875431,187
1637539200,22982219929232.301553898431735664,1108.027944833645963211,141420659.542000291342736562,9090613.980277781247856782500849974,3412853032098.116386256068137636,171.181397524279077243,713250.7899523242627122325373393108,157
1637452800,21688878649330.365652615943444262,1173.568449181161230676,141420659.542000291342736562,10149104.46820185277718980129276004,3528323858161.129075799853640226,203.647350980859167635,889672.2074169893935491110724814667,186
1637366400,20707467955640.217157589048307026,1226.207273685681696609,141284600.443558366447460127,10806800.90191420612153273356575902,3059482948355.449957447507288807,192.973218328892247487,832247.39993768501454974417661916,184
1637280000,20475006170075.352870775931972866,1238.811560664818702044,141241794.30674237922670785,10629074.99844719885276283405524433,4249625822443.80385049617498707,241.796582681652125947,1014992.350781245021506509875479742,221
1637193600,21482044084714.349945941687718618,1181.011901602067596875,141300757.856031316931915185,9407933.655278495289973009277100598,2279798713682.412463777648656128,127.203486065812934872,527225.6662367482618607411329812132,151
1637107200,20831015145629.820660739542487412,1217.242278553188274197,141283985.181028278780086844,10344355.66149436849500331168357641,2425619722100.682394832185366609,143.436220949292091886,603377.4997411940277917063675072139,168
1637020800,20940556279539.187826080455395081,1208.161150417081233183,141150379.687516049188860595,10280729.08187476770782532463770009,5570416811819.337064261551105229,317.354754970205678427,1360842.084170707951032645977689105,208
1636934400,21626470391402.461743324778041665,1167.06199622630805964,141038009.446361080605633054,10670549.59767989845349866691245588,4061189980212.725151731287979144,220.705651630631161213,1035349.699688923690357097343597713,203
1636848000,21349404273108.947680967861735233,1180.482310245851245349,140974770.148199425401630042,10894638.59759333501062216607389206,3530597287229.567986731613391317,200.528831309792510648,923511.6278762677173882046720963329,294
1636761600,20828867814797.90883656616639883,1204.736113570930813032,140704155.313043045289304578,11201786.91002088490041628128237538,5415804434915.038916786059823517,330.591051938949292913,1539877.759752785097100932308620427,256
1636675200,20207562105744.191503104773546314,1239.6680615547793253,140640627.173347386096444337,11566675.83742711557978054074205148,3535363003169.436318751398629778,222.859528938887820293,1045271.752024652246167820807300365,231
1636588800,19902573960135.261244129874917564,1258.652827919825965975,140677370.421150446070138011,11907150.20951485281645842224743881,9561007650035.073931193369431938,634.14256064541594907,2979482.94371193325697234489822307,304
1636502400,18456826721273.325690642362794451,1350.863976752167497057,140449236.795320651403123052,12481092.15896202045319191961095591,7516650264846.369349177793009457,555.201180276680065297,2619561.231240991300515934914994599,378
1636416000,18677933377066.310633891241222805,1324.936068915140392081,140011419.459401517862753052,12555331.9894837904228483031342163,4829636470132.528680869921602701,365.953337452107330389,1751115.220189412870980907576135793,236
1636329600,17397075452937.351060202563478394,1421.346153680794712284,140011419.459401517862753052,13653243.49895200659284048183602752,5170869582815.724022117870244586,435.007870369717193365,2060674.032892001891643083232809238,307
1636243200,16983046150813.522585454714034998,1454.840724941271274173,140019117.130444732733724878,13409793.91395319968558499508886804,10503922276229.770437930856638362,894.558747944977551961,4110188.958431092856485311226103411,394
1636156800,17246859050484.231760354589135558,1431.168780325092661731,140077891.788402730090151692,12891060.93949441634267212821069836,13008102064591.008111856479014467,1084.643781716914725437,4839294.760782755302644922176226788,377
1636070400,17531620231966.596629458516627949,1400.16798917104705097,139848923.792586479071370216,12525098.77008980340884543867014566,9829315156054.333697375603516985,780.249414100029214896,3516347.975207625156921932555675071,469
1635984000,17933084306630.357234391704441971,1365.624398752334642817,139801607.290357904498600504,12332602.8790434567183250142283609,17275130465503.82570003406531267,1322.342210105709907443,5984658.165846512152096169696855747,493
1635897600,16257224776236.548337024474040704,1500.488441459109383811,139727966.333560440390508314,13778903.93092823571820474275704046,15959574233056.722788694425690819,1582.775417578770628683,7256866.486784979564355497909985453,527
1635811200,15923805940275.525868152990197287,1523.575314978616906163,139559097.718172854509820216,13974719.80890712009552615735427784,27902637146479.351696678354188841,2441.169214656820142941,10886408.004624011593551731795511,882
1635724800,18848760533396.72326614053324549,1276.313198808205443078,139317373.808045031252227543,11049087.80108331707759448440864559,12534517454751.690380229561626292,855.437136378093154664,3679406.642264462409560441566866062,679
1635638400,19278369051050.676977855772130146,1252.238969808738081713,139700366.680060574616761364,10777035.79199136092065368050421639,30971073005985.367086733141970463,2070.307533739375628011,8895104.629249591813858509768997296,995
1635552000,17928772102561.745386127056727413,1340.340996065972107892,139719437.851259917187859501,11531142.02504228490332499805904793,17558392395728.221118646064354194,1418.431020300274650557,6117863.080785584990525629317817867,743
1635465600,16317545944284.492924417866934089,1474.572336595495113711,140020604.436390692511503953,13020785.60299205118772992258853489,22662882570538.952380483264589953,2118.039022658621416734,9274438.226570363245208445383148102,761
1635379200,14782124153699.877512801365488341,1620.423992472460272011,139999011.820245582037878162,13858999.79558020677314295407262073,17340427727184.952261628820001747,2026.781501602715403899,8298057.620266936273371609249251272,1229
1635292800,15549297753627.15778216525353807,1546.132666515101320795,140508945.045185610692031679,12174893.91655590426272035654392091,39185642016628.158834162158070658,3462.95976469454767151,13966951.74207606421203458331955258,1181
1635206400,20161506413077.603608373683900543,1183.858692197353322376,140499828.641785278287610041,9800212.55724738481162506935439342,10074021900784.950973738913174841,567.013901190664665401,2376156.835482342130827287548887939,599
1635120000,20296642440029.536248803306483574,1197.323128832396037268,141872954.981122203152534251,10075729.44364560704477512891712494,13646833080809.281157844849689218,854.073462507054304198,3546512.890269389909332375753991808,735
1635033600,18534569294381.52034712668568455,1291.278033259117313126,140939744.631856703556329113,10528045.84634713357618815523229776,13247647644560.989612544707393759,924.825981917995442502,3764687.147344717824079680838223296,872
1634947200,19109339980423.298019698048450239,1249.316978320901375471,140914727.711026594614047909,10382618.55365884545579836034811188,18462500669164.762072878312056023,1133.468274644598761424,4570181.094992131465106576482299461,802
1634860800,20054840757744.771046342918958971,1187.198789127456092973,140920780.423580490322223737,9424782.157386404946795589118431202,11205299494023.170205140974559446,758.843102906228310783,3075100.630754220653405609716965312,656
1634774400,17414768189608.970405057995848514,1358.540286496380328343,140600934.056998096141896092,11036033.21437443740200498996186317,16389435891435.61896268860996379,1230.456517316202332772,5143726.47752329656653201586441144,747
1634688000,18113666515415.09632966342671618,1302.420391232645234479,140595546.813282559157409984,10817076.11596746392635669679455883,25070522607921.898926741742331336,2018.300980156878243292,7951762.308859688119683758690329819,1039
1634601600,17754431496972.93825986648141561,1322.584200624290445529,140574216.668507399421168767,10252746.03172535868203882212373835,40129851012486.400514006316034705,2795.795280219057354485,10655628.6214581793377445301795117,1440
1634515200,22309476443508.623138690241531974,1045.518515371877372226,140560535.946294877809646027,7825892.231854358985147465691724509,56531523461391.847445060906077106,2839.953805902811709369,10768251.73653614959213266975187168,1479
1634428800,19783496834904.200464336945728592,1169.083310009428522296,140514666.479671217789091855,8996147.730190981093535984744414586,20993773257649.303928778995206269,1359.378364286390089721,5199561.525890842213617040557519588,1161
1634342400,17722883903316.446559889200352495,1298.905853374363949669,140419192.655005853387027864,9966012.915185543201837216451371637,27774429944832.191347943070483306,1857.724807805285808159,7202382.072544503305729780725876449,1323
1634256000,18288658171263.533534295518287666,1228.676415211967253406,139044263.319347364036328297,9482317.079597763513045888445503375,23926896105635.666032733467029861,1701.52809097304645223,6493447.316293034035484182481828636,1148
1634169600,16663644769917.398444165131775365,1341.27345136364892577,138950737.594414767354357089,10153112.37539793878350609679886767,55395695762721.145673102771056761,4672.112897348218297083,17219088.94822209078176467901812415,2108
1634083200,18043782868643.100946871834943705,1220.519539976922661174,138633165.600120214022424236,8769275.63000252212851536963574012,80875072556369.113975826246258408,7905.792497370601045871,27833254.11777143460648945043983526,3033
1633996800,11694741301667.524813909059480326,1826.637365776910221878,137633869.654706122989044777,12770103.00859075820046215924157274,29919298565314.496479370118625893,4428.914924175152295541,15449701.27835869767074873376804005,3095
1633910400,11459158507436.213450145956851217,1757.74064195436669612,134156621.223213301003752202,12401964.18112020908763836964413995,100153079139133.667940412089492994,10047.270459045754741556,35372352.04419630830526799167373353,5747
1633824000,17133107795686.449061341082799914,1149.294371411920074254,134049252.227438773042041619,7858977.710125002635249581404721653,69868377440779.966478496881218768,3749.856359152581165646,13262554.42451673451998892421071329,3414
1633737600,22460379240287.565973309434071184,864.321095801595550261,133825271.511086268818774076,6191739.000961141211058207029003114,42289547756842.2225701532221409,1661.451170411508473371,5957700.508413197569939115637158638,2297
1633651200,22016859572584.914774790796263585,874.304444767348742242,133638756.091277141588392515,6223497.297525719976345558601839974,46317130857350.57954709264431625,1890.498317131944019346,6802545.646810132569022788407253288,2177
1633564800,22038670696101.199402675468098482,867.940179895830914783,133641999.039718180598615179,6229239.868552585185553558315820386,74003909836574.703554693156924506,2926.424319217803650877,10449857.26629807364686494789236877,2785
1633478400,24870959231847.940145037931533645,770.745311312951069735,134455658.461123033773369599,5528665.56938559082221505097616948,133297105074363.802989400735670697,3294.239052505081558884,11652554.83104320842427377049754245,2649
1633392000,36769629897059.066339276821461942,512.932985113470537359,134312972.478683021447099998,3613308.644614045247125113753143801,42961075325315.707709118460696561,374.243024529632666727,1294085.298011251195371287481524779,1198
1633305600,56904662584550.963258237388027663,331.557334044930059376,134521257.515197525554421605,2252151.231909979049428511795985468,14151322438192.468041363659600165,66.348261554221472745,224708.092203907995473473315396193,379
1633219200,70682979588221.732471100775474694,266.748176241981229567,134521257.515197525554421605,1825942.0526543416749337519049063,14340078067949.767795160170125969,51.455027646442784722,176293.4398181910195787457382734087,41
1633132800,73915225935519.036102336136843979,252.422464503657710212,133856992.83611710752567962,1744106.50337081427693969252827657,6751214651089.65754772450799558,21.812851389925450489,71615.13074903393740171389270993212,10
1633046400,78388247023796.555418724504739111,237.955766629711728851,133856992.83611710752567962,1521910.358677410659904171729610164,191013806698.073655792389899301,0.579393448621183869,1748.375053891695626434546043393231,4
1632960000,78220227072730.702033354231138302,238.46516007833291272,133856992.83611710752567962,1434998.930912040510620012882136381,557808014856.989341869865707965,1.701933416654534461,5014.095028814327056963584798394515,8
1632873600,78301783493236.041109206526496735,238.211679971279285465,133856992.83611710752567962,1344543.335001333576386418622865177,2081665906828.87294567796990416,6.449315823772939537,18717.81106657332112323451814460744,10
1632787200,76740569984103.3312015055319369,244.802796604572164411,134341992.83611710752567962,1391128.468396059328334710104214328,551089951747.702766756342084244,1.765368396580360968,5118.217776797590555832266374470014,8
1632700800,76189480032355.628434749189852656,246.568165001152525379,134341992.83611710752567962,1478460.255721976353753330820539025,521800732213.964180909497693819,1.696198398181051868,5142.280250186509215448660231377,3
1632614400,75973679300141.664440159531869767,247.263443890448900145,134341992.83611710752567962,1502720.927300387966066553097489166,1642319100068.1804008852619568,5.418835761815785122,15484.23417273788727519126785290913,9
1632528000,74662676173566.481424492164319765,251.588747587987568013,134341992.83611710752567962,1477483.534537655087210964889695536,613868519350.677732945846158698,2.073149566990064155,6022.236904478776351059235601289898,5
1632441600,74640368518254.060158042662330031,254.673502231990621286,135144546.21654710752567962,1505168.220240236176875680559792403,1087359876913.884154236959319028,3.729461763175560694,10971.70438015318950718189585527674,11
1632355200,74202255555704.826952684799505904,257.823419889476874487,135581046.216549829911197519,1621615.198138255810027439479783578,582842997099.10686570959882366,2.033260725448246675,6334.505542493448274406000574989989,5
1632268800,73733416264343.424362848845626436,259.456680614925121162,135581046.216549829911197519,1591197.706976207729348964609058158,949415560704.278769215334271392,3.370540145038796946,10056.46392239296609666758545360987,11
1632182400,72996099447086.13795060202467687,262.067220759963918108,135581046.216549829911197519,1607706.396213751351362888998217206,943211225218.79453148675941547,3.389246821350720147,10302.53678810673785412769210094775,8
1632096000,72523748815319.430533803061489752,263.763859999358917005,135581046.216549829911197519,1576684.280062522962679536889095187,2150995213150.896073169204997802,7.832430555081846807,24655.85211855514788723742980962909,17
1632009600,71937869743418.982307803302280983,265.687297234275895461,135529771.345377851383249899,1774796.088449487425854711789096687,2471859297585.164077154342298142,9.173259533349745588,31012.12885136559323423212992744144,17
1631923200,71214542360933.761785992215778083,268.358172874989337421,135529771.345377851383249899,1829650.020802963900040783778372388,1691841219152.634981935125814741,6.379017938104808803,22097.7651668854602943225460449491,20
1631836800,71669683271194.22043041603031249,266.634941205106046136,135529771.345377851383249899,1808343.816950274541586733423355312,1288170458779.314646961501413118,4.853153133679443799,16807.44858269826030387230737386411,14
1631750400,70865306970260.02686641525099658,269.646828405970280113,135529771.345377851383249899,1946523.589546051183177764046468187,8523857323507.404842930230544481,29.973199907598970538,108566.0043513531167714663440526342,58
1631664000,77734734649990.205436306233453293,245.732944804621602123,135529771.345377851383249899,1763350.525201022119200638198517722,2568385019085.224990521811228627,8.30484766435540112,28353.21804501505658190723336060956,19
1631577600,74844985981742.072997935623027603,248.545372909986557499,133752396.726375128997732,1697909.058987680513007688314010515,10089160459863.689213982523717902,31.116106760887371487,103761.6712208203745431544843590191,45
1631491200,80541047274834.403225840598957341,230.878064796566330438,133752396.726375128997732,1516342.493735977817791671018877603,11550434837205.468683142493988559,34.628847969096937321,112974.6340599409470364326417131066,19
1631404800,82554745124172.180050906071556799,228.311767547046997297,134688196.806783253415066509,1561445.005578593501945282896597182,8480665480291.429265962556155727,22.094099442783100214,74562.87789121237790680352425918878,16
1631318400,85624954955780.38665003796916288,220.059941428637117619,134688196.806783253415066509,1450053.683633024663346388155062567,877547640927.282812935391286567,2.271644669270370877,7502.474916793984046372817370827858,8
1631232000,85280265047561.980232225567065797,220.94257091936601745,134688196.806783253415066509,1440280.266328065748641513307790219,2717028966314.515289277729539155,6.938061183631639106,23636.87366144561596048421497805902,13
1631145600,86928033095792.02125135994379225,216.73399687700658385,134688196.806783253415066509,1494207.800703635819714395166703805,342842944737.596456957777322121,0.85414910271959977,2977.25488400673557237945835481413,9
1631059200,87060907558222.413174198354198262,216.385225704460001082,134683396.633502014909355171,1522840.589339518655417246773582185,6704535847161.384046088293299321,17.103138167655603944,57909.26692687415733625271974023697,41
1630972800,83939255190912.445490867855745163,224.37998229302936917,134683396.633502014909355171,1542907.290126667605180850241087333,19295673080890.910605930609059365,60.090680422672811723,215531.8411440763823922061492934551,30
1630886400,77159110651794.922454001611164873,250.859390968660793602,136585924.863788768846326821,1983611.958891722619099514437657408,6584388913360.570986635452047589,22.998306378206815442,90188.27947034273885881206258715839,33
1630800000,71818550607363.483138391958930767,273.729406249884591655,137668133.972604776975794806,2162717.622886758867624231686698795,846387246830.019622021812569654,3.255084279899853273,12787.63680023821405038716468575001,12
1630713600,71002927816061.282039796607189679,276.699813024383857551,137627321.699309326424476686,2149809.97503032421103965550599062,1228382954957.788177912311258713,4.851324463118128566,18954.73700913697652429545773286743,9
1630627200,69835799451164.336215372662481902,281.309450837899880915,137627321.699309326424476686,2194058.834448173358603287400110202,3550126497201.635171373738685466,14.970453545058787101,56693.52522054534890200796956699257,15
1630540800,66649824602315.71613113798488245,296.426022468904425994,138027216.39912104909021866,2255152.504706971393167952799618319,3719242928177.190440357321656324,17.41824186409587769,65617.02010734142124899061455145343,12
1630454400,63154757482638.609802198931353446,312.777125924918612196,138027216.39912104909021866,2329470.01864271259397680239048863,480669615237.0732924300164986,2.385161091325337484,8376.303700594001672791525774087788,15
1630368000,62840894234357.86443705186716957,314.188838412064399607,137995754.399217477498824766,2133470.466635028774875554042523291,2016074575015.738218593504164894,10.290009426994058628,33461.94960952970093560898149827481,13
1630281600,61551211777412.84700037888500262,320.740938783896075565,137995754.399217477498824766,2127618.848268653795836726932879047,4253975738307.264431251973025572,22.463734391665080817,74203.7824794781280888957875970051,16
1630195200,62218352215731.260809637392279562,317.112785916430128564,137968931.815108816016079187,2050968.629542322469562300992020653,959790292418.03706271995781103,4.944367687942978822,15946.04522232923729911379394473121,13
1630108800,61374638437988.5541226505017544,321.457153604373107386,137968931.815108816016079187,2076209.220700697600112696744392067,1467465087230.580555956821353036,7.832307411131309307,25383.17079474344616423141377426304,25
1630022400,60168431988635.718252643732386673,329.541796125724834562,138318596.458901712225382712,2150110.638819671240503187829467125,620264291960.102581936244439203,3.397247629931507343,10668.20028308498325023418900247767,8
1629936000,60009042587306.629083164791784602,330.406866783889658323,138318596.458901712225382712,2063101.705914064909650450072678491,2138886331753.02735173918391197,11.92877369117783945,37784.64865797284881354364264588658,29
1629849600,59151941586060.222622310157083378,335.158364271475984583,138318596.458901712225382712,2160538.652720440287870647577918976,11684511067924.379014196898980189,62.726680181680820946,196791.5468045470060505100946789146,44
1629763200,63542164909022.050637501118421261,313.5591980439237991,138702954.179356475857574267,2010745.505766362771374003722073396,1666792815395.881245493187963742,8.383194932147787991,27533.12225519151771655250184470507,14
1629676800,63462856597748.987093570965332083,320.371224539295108903,140119491.255948841390078871,2137610.124402639788155701420388694,2138732126840.777302275209656638,10.954744743540291287,36261.31232987267980956611647057516,37
1629590400,62203673736208.546632757406167151,326.762063579255616255,140106385.944528729806837731,2119527.717107864695314631089048882,1081859440861.190346034445466714,5.695901807268461335,18423.77105388500710161185005008173,41
1629504000,61769619838783.877992213420928407,329.04101500951452365,140106385.944528729806837731,2131564.930742931314556223082681946,2737855071164.027020095917639218,14.512950442396173788,47539.78809521373712071411364524714,56
1629417600,62417389070386.569169156052165241,325.435381213511491204,140074611.701244345926836464,2129304.319583455635297699808938087,10680961701663.95595751262047048,55.355139302864637707,180132.3581751821541636131849154023,69
1629331200,64252166573039.881599290868212884,306.918401206556635274,138051418.477023521046762871,1944162.67929843576891281366631489,2805325048299.409449888644468442,13.856385876160718008,41943.44672099069559852363646479577,32
1629244800,61698370387069.226367793298516511,317.893811461578144858,137686806.597937694831472884,1938938.992092759464108184819796469,640410583122.164935297201116852,3.32370493026644336,10106.87620522509724784425167123767,23
1629158400,61103754293530.567635366946213175,320.762783320693735526,137640794.932800094368048252,1934028.535962101553636392359409866,2032483353445.089964809391580546,10.741729585803665198,34130.99536971585353909352751391353,29
1629072000,60284420813397.817533698853528244,324.802833090309147885,137580041.118707150828214588,2052294.404080650346262107173470603,2174500303297.582791351576222808,11.910207557580387477,38189.48861438144295382167444312339,41
1628985600,59550021666365.236590682794309352,328.340962628706585144,137489703.927338233935665147,2171587.494237552299342599841025795,3541566377873.77901805459986763,19.612527279806764954,63532.84933616407622705527730920696,37
1628899200,59637141904315.173625088724881558,325.87193006733534067,137084193.830538532665815378,2130316.298257467710686909139486484,1987450150280.140020731457026217,11.012149173748750676,35969.17843764403058082755333323805,43
1628812800,60154017700720.54583929973370531,337.578434059680240247,140135025.259132517326582442,2216433.107813148141367904411571027,987110378701.004747463331964028,5.519535249656470559,17629.18950759736732950489551087946,25
1628726400,60105325730564.546577366038818039,337.464311458965932385,140058062.969233859032587375,2041578.255416827864907262732969431,5448845125126.289389311561835118,31.188527353136833275,95173.80657802827249679961200898646,64
1628640000,57706470579876.405629037067705522,348.914188917852114679,139562542.376458776260399639,2215590.777626558599843384965936793,32085266682463.41848595527290935,220.221940482564865033,713743.8201317757419823753720698728,77
1628553600,59172667652630.20151659038860414,335.752099588289618256,138747656.683821215160661388,2108150.38691219545794950703657317,5146247410080.295648421551814327,28.435228764985594743,89278.93888874154180066592272179788,58
1628467200,60887837512580.788119261928192365,321.398115655991174245,137720552.068594324872973406,2028354.79640547449582388252792274,1521093256512.923306457337568074,7.978420166130748025,24348.99034092227895634297466280497,34
1628380800,61037728836501.188941867673794767,320.265968384019994104,137652035.785856032597358048,1948771.530777692814775128604037592,1326683213241.494189372835236033,7.004503221088125103,21868.20764214626627114144980382592,33
1628294400,60382228472654.094932033752148967,321.294292457006275455,137135013.440246740264341837,2029152.866187354462848701428013524,2428075947702.485387996417608099,13.256173282356004748,40244.54683099093473217744157934796,49
1628208000,59433279463267.355752150811825459,326.211560081809011894,137098697.87382007425875921,1883101.748932753130172306021486927,3680701390609.220449029380719234,20.887792084235487837,58409.31764146074084255008836276116,38
1628121600,57152410026375.546095815729793767,338.793939279917849757,137023441.058857922195339032,1911754.337328159499167355870366762,2848517448468.592893101642824033,17.238807086397870757,46373.95358048512306417326360083911,55
1628035200,55796311699776.939682718125608622,344.803063908996059275,136593798.640116824234287743,1869918.297691425295410607612459297,8192693974117.421053058763992005,50.944377282235463483,131169.4689803365129504436769975334,88
1627948800,53904409740619.379911204067639514,356.145025852741927717,136478403.244958835963716778,1792880.776760319661671305588407952,11295629820119.134248905576047446,86.619211761930172166,217010.3817606992307552936063524172,99
1627862400,45613587640458.112392677426210498,419.283974336266725743,136265290.447845071101751543,2189641.684221873386327180254204596,14423162778411.563471645146111587,115.11087925920232986,301316.2042551998829608979229542945,150
1627776000,53648333535752.296573895261868264,357.776582133152385986,136571294.187337172893609995,1826326.997772742602915811341554401,5543335773867.243608327144511329,38.420426788774083034,98862.20023552529054904266234274121,72
1627689600,52049263011586.939567623720085401,368.652025206270323938,136571294.187337172893609995,1876964.87947266820308633258530298,18743711776289.088365778641943538,126.958084484777330485,312360.8001714142484031032340372025,181
1627603200,53606727596546.342594950354474484,349.899269531438394665,135099980.559971130708819036,1718236.595025068520721565071995502,44268456319783.794319034078697524,410.252420069256676843,978572.2951405747919178877263269269,399
1627516800,38226458500911.215386084166640778,486.81725042818214328,134764380.918162349450085042,2315799.7020470006378565492435889,205896846625157.596188534487001942,2126.831387721197614736,4909624.978379334255798653505653306,1399
1627430400,61652360297176.430955493152434683,299.500548422266331986,135199301.135090799375146283,1373696.91462469897131312069161842,17480361811032.048560701216301896,85.482916095705725851,194872.925165339466016059114168355,87
1627344000,63809034691433.025109930243001711,289.137766454084026007,135199301.135090799375146283,1320108.332293016727102799890442,3901630811247.137378226726803136,17.244144920296755531,38709.85576312647312896690744235471,27
1627257600,64354889466804.679438081450482823,285.766624783168512379,134994685.684070213535530162,1278398.121580366851378958524210119,2388373801582.163292207818921405,10.83331811559965682,25249.43004661669985761868709178167,40
1627171200,63349199143983.023473356620751038,290.270682185916422121,134994685.684070213535530162,1271971.56858227511691206183491604,1280029136823.63338018578195045,5.902889890355462503,12641.83748526619107116027882972348,56
1627084800,62880568693203.942024719970788657,292.024145240184967432,134904161.191625882585044193,1268558.029183355653015805827525973,2125673889732.757409195403918733,9.782243657531887846,21100.59211485910871828797274725918,41
1626998400,62561123413219.794203848331996522,291.009382901850120285,134333865.613726215182335273,1185673.892731587118611991533771703,1357819103282.587116391310834433,6.392915879870517435,13174.39271997395074573011946526554,26
1626912000,62840194877337.698116580125963933,302.369348629574469479,137240188.008051531619668652,1221530.395470830376393620241803677,2433290527988.055536162253393906,11.853657384203224186,23931.95069584747153204384562934602,22
1626825600,62380214913763.17655625690218243,303.873406137712353043,137084628.336509124171379215,1202529.254395387145255097694677636,1441784336474.154501770160553268,6.886500165714651164,13470.14177401895519401329612471997,27
1626739200,62171573433399.423950702358724264,291.690819227077774641,134088419.702183807734045836,1049187.316193806165020578630190762,1552356826839.791805143312444958,7.365903622985238992,13079.02379178284970967101214085358,24
1626652800,61182524080394.228269616043542847,297.027388433576596465,134233893.253417995801085304,1081594.485104287805103916470874339,1437861186667.038824361612994123,6.977426984859086783,12997.16734652236108620980281242301,40
1626566400,60987469205421.086356041442700542,296.25670307386336417,133850501.215032994182657965,1122067.652987059560606670919137556,1302892772623.474235412972771531,6.43416603437876057,12497.59783848320998013742143510375,30
1626480000,60243756261630.614198153085426129,299.833338037848606412,133836821.920146242919942601,1143316.364832139033233459313758026,1102949622294.852176042469639503,5.504199264178683356,10333.74698969468324640220132798899,42
1626393600,60235386653720.505502133627683728,299.8584911146501219,133836821.920146242919942601,1140651.378493689802186397697442545,1885721183732.537991286585510732,9.596045874137591246,18242.88741329734964420527449398398,23
1626307200,58922758783359.699545201153479038,306.5030842723190139,133835434.509722277756758505,1179871.896938954136851121784735577,1627994006637.857514017650300396,8.517272558157975995,16311.30279912134943628956182480292,22
1626220800,57968116983244.140849237224696512,311.524902628522999267,133835434.509722277756758505,1243419.308258666344469816446582239,1999597170378.269606890877747384,10.802025197089717841,20891.58785688106990976488167818245,29
1626134400,57014860401387.659780092118406224,316.735668154969100364,133842828.869097058970238472,1230184.964281888596777122691423726,2793351442004.588435504936782257,16.024909016828283907,31979.17324872866621827717464054478,58
1626048000,56020062566898.525019763663831053,328.24903920378383839,135069788.644559898790587474,1336570.236685768294987499636235232,4749773925950.671071235784100099,29.895214789404196056,61459.40130024134594397222519013673,41
1625961600,52301952211618.546986589914803039,351.022578862407082135,134979566.902412247745940032,1503946.35611155723975785719930549,759716221430.814422120160365492,5.117190259696182141,10831.62211690018645961843654371478,51
1625875200,51941794230510.047168837957044337,353.009870354802939599,134897203.135023270044898551,1489266.147944402159827306960590221,2002176804561.555624779582011084,13.567190386013542563,28695.02835168782434533273694937675,46
1625788800,52264825731659.239600738849507034,350.717613843587378662,134883737.671404530559366574,1512629.130750462027853975283567652,925744943939.394704449734252697,6.219467286258089015,13180.54677566711890754913349044793,42
1625702400,52064323759792.993663306897668003,352.048162800134091942,134883479.708293042927085592,1492108.890491373085656919257486062,3396764007869.356954286326631025,23.694362686234588324,52284.49164291473381652097448848738,54
1625616000,50284399158289.290583349286737417,364.724059978682991591,134936520.476621040056287635,1691403.365277346565595985313063377,2316118534161.570822952603802661,17.144159239504729103,40594.55093234052436638193932576878,43
1625529600,49119602921230.76044338247702608,372.209594081568441634,134735557.80542251622628808,1724543.194784715850200097420944467,6491046599991.287645560974212678,51.423686429781449199,117839.6702748679526243543232229926,75
1625443200,49141822530915.833546691685290814,387.42965794626006032,137521176.785861874544395446,1730843.761672906664865671490509713,9487053899989.700626143042565746,70.952567574266156884,160401.0683621785796169762559282574,99
1625356800,52894637739248.543435900706765548,358.218689008894202207,137230083.677696253851930618,1667304.145535765308149002881811773,1480308113090.31136686579371635,10.085522805567566418,22897.8312973428492253966251402481,70
1625270400,52037744984979.464405023282173132,362.086546794365928482,136852628.271387125148643991,1591919.861782861133345048088019442,12847611882716.26928578775406138,98.39008169265595605,215584.3104024432657728555812173036,134
1625184000,47138680014529.373725450655082007,395.719791598584311995,136219454.599737253591132171,1700265.72737480441930776019612873,10086817788834.27880620866428667,79.136336062883412942,164524.6924152589215493426007445552,155
1625097600,50219334239567.109268990465662339,371.312485150920334968,136237305.323777557292703759,1570575.014769382214324954475448384,6837609879470.814562928950189377,46.646465861809660455,99635.40320822536966706604572512511,82
1625011200,52188063206803.540266875162260375,357.210126496610233858,136245799.701567991265021418,1612400.300246342349599131974578512,1425459760321.493965952036982642,9.878689220188126217,21240.0598996601519030814100263186,38
1624924800,51282985671232.645644799805731829,362.954493685404333181,136146442.593415957478017076,1583113.032788007416448191805407229,759067436928.019915072119593369,5.412893118425102123,11895.95811632007543954779693135411,34
1624838400,50901507677576.905759641658651534,365.617513582469599415,136138845.738838943993297579,1514310.127942012352661468761366537,1587940809283.019980787403140326,11.590718719946799859,23053.94934286363007803306120898811,27
1624752000,49640063459288.336320302042740902,374.402416439732774847,136053300.74210647186008166,1480066.128174428149578726921232895,1384931289902.447728335013177274,10.278029778042290775,20073.88850986438647286950659020812,29
1624665600,50589936424841.488359937863115493,368.984795567697095877,136357127.900379553888366411,1322794.702506904654822810398341567,9111291096031.540688053500868323,64.647188822397359759,114477.4601166973152813299021239388,58
1624579200,52392337324988.142822285146346472,355.125749380393079585,136169889.559726063234014255,1311168.78892904650141962172672846,3339467357975.032681330966568745,23.914177790643942749,44164.24297032813948712959172446777,40
1624492800,49735396665717.461963955684814697,373.404068596049126655,136056998.118336806390203262,1479164.093253311665297890441856392,7024254514551.901173733191106378,52.509293042384911848,104625.749540881085410546000111841,43
1624406400,50218255009645.943957581026149527,369.658201100420644203,136056998.118336806390203262,1431314.122232813959528897157825633,1068318184640.797073235510092996,7.937544127479843733,15752.24446431001662074597295148678,34
1624320000,50114540013897.530188904964340349,370.39945834793402815,136056998.118336806390203262,1386765.88716817815335158301402105,4962077427003.149480214240138771,39.539690013505540636,72039.58220507200224104167811571683,59
1624233600,46287256905140.824753415942006,383.65965839643896768,133099081.981971520864875977,1444759.402288879849370757903913422,2685640959253.037873151971486282,23.396932644440902414,48321.75794328089734131174821139285,32
1624147200,43941990969653.664806711532015922,404.756201170889432213,133212992.305590176536602125,1823256.78710605111061809563535484,1929000783939.62908968164687839,18.386852635872413925,39734.20086946021577449180073345034,60
1624060800,42446334848553.187816354400725631,419.0476534594107052,133226563.270019548998108142,1818185.458614772624961938103578355,6050609889978.841187226283637532,63.257553429721326008,141560.6543275097780080007106143787,65
1623974400,41838562099208.745095263246435516,423.26590014979846182,132962254.274138171141475433,1884618.963253355458638032892624517,2197659152436.320031381707768152,22.696374831379045686,51875.01134643725196358834528319269,97
1623888000,40743207100617.6210092254835083,431.996326746507889057,132567062.708410365223812806,2046133.572830147154670169697451096,6074072945670.95149088300275792,63.472873512209993194,150971.4418066865283506985161873414,108
1623801600,41210157728027.14093757403412131,422.991683707591785083,131956941.072414644908690677,1993256.566345500615699191173154266,5649796636480.934056793361555476,58.189065859258573133,143524.7226763580240508125514065782,145
1623715200,40065515042560.858075752235741825,400.600482901007703372,126647525.395799423807700003,2047338.311427982613643655420730955,9009989841349.183862252438458279,87.651058145372202994,223385.1395163621630656204067100164,244
